doc_id	full_closure_date	partial_closure_date
8769	1879-10-01	
8777	1960-02-29	
8781	1877-10-01	
12915		1992-06-29
13162	1939-05-22	
81088	1969-06-09	
84368		1989-05-15
102735	1938-04-25	
189328	1932-01-04	
189376	1939-05-22	
304244	1988-03-22	
333898	1944-04-03	
341446	1967-05-29	
341585	1941-11-17	
343165	1963-04-22	
344922	1942-12-21	
353664	1978-04-26	
359158	1972-05-15	
362379	1969-06-16	
362582	1969-06-23	
362663		1963-03-18
362716	1965-06-07	
364913	1984-06-19	
365087	1964-06-15	
368158	1963-03-18	
368211	1976-05-24	
368290	1967-12-18	
368295	1943-05-03	
372505	1968-01-29	
377142	1949-06-27	
377174		1964-02-17
407769	1970-06-15	
411253		1874-10-01
411277	1888-05-14	
414131	1961-05-15	
434121	1946-04-22	
434270	1946-04-22	
451231	2007-06-14	
468276	1983-05-24	
468279		1999-03-24
530388	1867-12-01	
532338	1832-01-01	
541334	2000-06-28	
551509	1931-05-18	
605295	1997-12-10	
605301	1991-06-27	
639393	1810-03-17	
640821	1967-01-23	
678699	2002-05-20	1985-04-01
683886		1868-12-01
1105266	1957-06-10	
1134198	1976-01-14	
1148061		1971-06-07
1160402	1933-12-11	
1175059	1938-03-07	
1230205	2002-05-13	
1254843	2013-06-17	
1285830	1967-01-16	
1421282	1887-12-05	
1427693	1844-01-01	
1434769	1851-12-01	
1446283	1844-01-01	
1484680	1949-03-07	
1484699	1941-02-03	
1484712	1941-04-14	
1486115	1941-11-10	
1499406	1952-02-04	
1501244	1942-03-30	
1524661		1986-04-30
1532109	1991-05-30	
1765474		1992-05-04
1765582		1991-06-24
1767776	1976-03-03	
1771589	1987-06-25	
1772134	1989-06-12	
1787607	2004-03-08	
3317281	1857-12-01	
3334337	1844-01-01	
3344630	1941-11-24	
3350919	1860-12-01	
3366123	1918-01-07	
3383405	1977-06-24	
3412793	1939-03-27	
3413124	1873-10-01	
3414183	1952-02-04	
3425093	1887-05-27	
3433453	1880-10-01	
3443990	1870-12-01	
3445849	1944-06-05	
3451470	1885-03-02	
3457152	1882-10-01	
3463590	1987-06-23	
3465740	1873-10-01	
3468334		1984-01-23
3470704	1873-10-01	
3471531	1871-12-01	
3475563	1892-03-28	
3483531	1882-10-01	
3492116	1894-05-14	
3498470	1964-12-07	
3499903	1990-06-21	
3516839	1984-02-22	
3537788		1929-01-02
3583743	1988-04-20	
3599681	1970-06-22	
3626047	1940-05-06	
3630982	1965-04-05	
3635768	1916-06-12	
3642626	1949-01-03	
3646470	1922-02-27	
3646827	1952-02-04	
3653292	1933-12-11	
3656614	2007-06-28	
3658647	1980-02-27	
3668927	1917-04-09	
3671675	1925-05-04	
3674303	1949-03-07	
3677920	1938-03-07	
3689027	1949-03-07	
3691445	1949-03-07	
3902629	1941-11-10	
3902647	1941-04-28	
3902786		1944-01-31
3903035	1967-12-18	
3903160	1932-05-16	
3903210	1973-02-22	
3904778	1973-12-05	
3906090	1946-04-22	
3906798	1995-06-19	
3907637	1943-01-18	
3914451		1944-01-03
3915622	1955-06-06	
3916250	1949-01-17	
3929002	1971-05-03	
3931157	1988-03-22	
3933606	1968-05-20	
3939849	1976-06-25	
3942430		1978-06-14
3949489		1961-06-19
5645962	1922-02-27	
5646330	1913-06-09	
5677996	1975-05-19	
5678343	1991-06-03	
5701158	1979-04-24	
5704466	1968-05-20	
5717781	1942-04-27	
5718167	1964-06-15	
5720689	1949-03-07	
5721828	1939-03-27	
5723730	1940-01-29	
5724172	1940-01-29	
6136730	1971-06-01	
6136936	1941-04-28	
6137691	1978-04-26	
6139305	1892-03-28	
6140033	1966-03-24	
6140479	1943-06-14	
6140617	1969-06-23	
6141268	1914-03-16	
6142260	1943-06-14	
6143553	1937-03-29	
6144433	1964-06-15	
6154176	1998-06-15	
6156305	1984-04-18	
6157337	1969-06-23	
6158690	1973-02-28	
6158919	1969-05-05	
6159022	1950-02-20	
6159838	1976-12-20	
6159871		1978-06-14
6160420	1968-05-20	
6160543	1976-06-25	
6161224	1967-05-29	
6162154	1965-12-06	
6163485	1980-06-25	
6163569	1966-06-13	
6163994	1964-06-22	
6164332	1970-04-06	
6165001		1978-06-06
6165107	1983-06-08	
6166003	1967-06-05	
6166312	1971-06-01	1965-11-22
6166360	1968-05-20	
6166651	1970-06-01	
6166693		1987-06-25
6167411	1997-11-04	
6167820		1975-01-21
6168585	1977-06-23	
6168633	1976-06-24	
6169915		1978-06-14
6170495	1987-06-23	
6171859	1973-06-21	
6172250	1996-05-13	
6177874	1974-03-25	
6178289	2000-06-28	
6181341	1994-06-06	
6182491	1974-03-25	
6183325	1985-02-19	
6183430		1992-05-26
6188807		1986-01-21
6189391		1992-06-29
6200100		1997-06-23
6204722	2003-06-26	
6206467	2009-05-26	
6210086	1996-03-27	
6211561	2006-01-23	
6214810	2002-06-20	
6215448	2005-03-01	
6216766	1991-06-27	
6217947	1995-06-12	
6218483	2002-06-24	
6930835	1964-06-22	
6931436	1989-05-15	
6931675	1968-01-29	
6931824		1962-12-10
6931942	1995-05-15	
6932011	1977-03-07	
8285078	1949-01-03	
8286632	1952-05-26	
8287190	1996-02-21	
8288734	1957-06-24	
8289237	1944-01-03	
8289427	1990-01-17	
8289541	1982-07-02	
8290208	1968-06-17	
8290575	1923-01-22	
8293612	1923-01-22	
8298686		1917-10-15
8299708	1970-06-15	
8300376	1890-04-28	
8897054	2010-01-21	
9143464	1974-03-25	
9313023	2009-01-21	
11299337		1963-01-21
11299429	1968-06-17	
11300626	1963-03-18	1963-03-18
11317375	1983-06-08	
11336583	1832-01-01	
11339780	1939-04-17	
11341575	1947-02-17	
11643636	1978-06-14	
11713016	1976-01-19	
11715808	1977-01-12	
11719655	2007-06-14	
11722820	1982-06-01	
11725442		1948-06-07
11726086	1930-01-06	
11727460	1941-03-31	
11729477	1996-02-21	
11729899	1880-10-01	
11733438	1976-07-02	
11738167	1830-01-01	
11925862	1981-07-02	
11926611	1964-06-15	
12041690	1989-06-19	
12048960	1974-03-25	
