overruling_name,overruling_year,overruling_cite,overruled_name,overruled_year,overruled_cite,partial,a_id,a_date,b_id,b_date,reason
Dobbs v. Jackson Women’s Health Organization,2022,,Planned Parenthood of Southeastern Pennsylvania v. Casey,1992,505 U.S. 833,0,1480969,1992-06-29,,,overruled on/after 2020 (ALERT window)
Dobbs v. Jackson Women’s Health Organization,2022,,Roe v. Wade,1973,410 U.S. 113,0,11957048,1973-01-22,,,overruled on/after 2020 (ALERT window)
Edwards v. Vannoy,2021,,Teague v. Lane,1989,489 U.S. 288,1,12032050,1989-02-22,,,overruled on/after 2020 (ALERT window)
Ramos v. Louisiana,2020,,Apodaca v. Oregon,1972,406 U.S. 404,0,6171091,1972-05-22,,,overruled on/after 2020 (ALERT window)
Franchise Tax Board of California v. Hyatt,2019,,Nevada v. Hall,1979,440 U.S. 410,0,6183342,1979-03-05,,,overruling decision not in CAP corpus
Herrera v. Wyoming,2019,,Ward v. Race Horse,1896,163 U.S. 504,0,468279,1896-05-25,,,overruling decision not in CAP corpus
Knick v. Township of Scott,2019,,Williamson County Regional Planning Commission v. Hamilton Bank of Johnson City,1985,473 U.S. 172,1,6197836,1985-06-28,,,overruling decision not in CAP corpus
Rucho v. Common Cause,2019,,Davis v. Bandemer,1986,478 U.S. 109,0,6204370,1986-06-30,,,overruling decision not in CAP corpus
"Janus v. American Federation of State, County, & Municipal Employees, Council 31",2018,,Abood v. Detroit Board of Education,1977,431 U.S. 209,0,1929,1977-05-23,,,overruling decision not in CAP corpus
South Dakota v. Wayfair,2018,,Quill Corp. v. North Dakota,1992,504 U.S. 298,0,11728988,1992-05-26,,,overruling decision not in CAP corpus
South Dakota v. Wayfair,2018,,National Bellas Hess v. Department of Revenue of Illinois,1967,386 U.S. 753,0,6183430,1967-05-08,,,overruling decision not in CAP corpus
Trump v. Hawaii,2018,,Korematsu v. United States,1944,323 U.S. 214,0,1230203,1944-12-18,,,overruling decision not in CAP corpus
Hurst v. Florida,2016,,Hildwin v. Florida,1989,490 U.S. 638,0,605625,1989-05-30,,,overruling decision not in CAP corpus
Hurst v. Florida,2016,,Spaziano v. Florida,1984,468 U.S. 447,0,11338986,1984-07-02,,,overruling decision not in CAP corpus
Johnson v. United States,2015,,Sykes v. United States,2011,564 U.S. 1,0,4335985,2011-06-09,,,overruling decision not in CAP corpus
Johnson v. United States,2015,,James v. United States,2007,550 U.S. 192,0,3556011,2007-04-18,,,overruling decision not in CAP corpus
Obergefell v. Hodges,2015,,Baker v. Nelson,1972,409 U.S. 810,0,6183010,1972-10-10,,,overruling decision not in CAP corpus
United States v. Dixon,1993,509 U.S. 688,Grady v. Corbin,1990,495 U.S. 508,0,634223,1990-05-29,,,overruling decision not in CAP corpus
Dove v. United States,1976,423 U.S. 325,Durham v. United States,1971,401 U.S. 481,0,11713016,1971-03-08,6176716,1976-01-19,opinion text < 1000 chars
Edelman v. Jordan,1974,415 U.S. 651,Sterrett v. Mothers’ & Children’s Rights Organization,1973,409 U.S. 809,0,6182491,1972-10-10,6179827,1974-03-25,opinion text < 1000 chars
Edelman v. Jordan,1974,415 U.S. 651,State Department of Health & Rehabilitative Services v. Zarate,1972,407 U.S. 918,0,9143464,1972-06-19,6179827,1974-03-25,opinion text < 1000 chars
Edelman v. Jordan,1974,415 U.S. 651,Wyman v. Bowens,1970,397 U.S. 49,0,12048960,1970-02-24,6179827,1974-03-25,opinion text < 1000 chars
Oklahoma Tax Commission v. Texas Co.,1949,336 U.S. 342,Large Oil Co. v. Howard,1919,248 U.S. 549,0,3691445,1919-01-27,3938061,1949-03-07,opinion text < 1000 chars
Oklahoma Tax Commission v. Texas Co.,1949,336 U.S. 342,Howard v. Gipsy Oil Co.,1918,247 U.S. 503,0,1484680,1918-05-06,3938061,1949-03-07,opinion text < 1000 chars
Jones v. Opelika,1943,319 U.S. 103,Jones v. Opelika,1942,316 U.S. 584,0,368295,1942-06-08,366720,1943-05-03,opinion text < 1000 chars
Leisy v. Hardin,1890,135 U.S. 100,Peirce v. New Hampshire,1847,46 U.S. 504,0,8300376,1847-01-01,3543491,1890-04-28,opinion text < 1000 chars
United States v. Phelps,1883,107 U.S. 320,Shelton v. Collector,1867,72 U.S. 113,0,3457152,1866-12-01,3499537,1882-10-01,opinion text < 1000 chars
Trebilcock v. Wilson,1871,79 U.S. 687,Roosevelt v. Meyer,1863,68 U.S. 512,0,3471531,1863-12-01,5654547,1871-12-01,opinion text < 1000 chars
"Louisville, Cincinnati & Charleston Railway v. Letson",1844,43 U.S. 497,Strawbridge v. Curtiss,1806,7 U.S. 267,0,1427693,1806-02-01,3328443,1844-01-01,opinion text < 1000 chars
