0	0	12699057	1
1	0	12699057	1
2	0	1254843	1
3	0	1254843	1
4	0	1254843	1
5	0	1254843	1
6	0	1254843	1
7	0	3639027	1
8	0	3639027	1
9	0	3639027	1
10	0	3639027	1
11	0	3639027	1
12	0	8897054	1
13	0	8897054	1
14	0	8897054	1
15	0	8897054	1
16	0	8897054	1
17	0	3653776	1
18	0	3653776	1
19	0	3653776	1
20	0	3653776	1
21	0	3653776	1
22	0	6206467	1
23	0	6206467	1
24	0	6206467	1
25	0	6206467	1
26	0	6206467	1
27	0	3679212	1
28	0	3679212	1
29	0	3679212	1
30	0	3679212	1
31	0	3679212	1
32	0	9313023	1
33	0	9313023	1
34	0	9313023	1
35	0	9313023	1
36	0	9313023	1
37	0	3573311	1
38	0	3573311	1
39	0	3573311	1
40	0	3573311	1
41	0	3573311	1
42	0	11719655	1
43	0	11719655	1
44	0	11719655	1
45	0	11719655	1
46	0	11719655	1
47	0	3573311	1
48	0	3573311	1
49	0	3573311	1
50	0	3573311	1
51	0	3573311	1
52	0	451231	1
53	0	451231	1
54	0	451231	1
55	0	451231	1
56	0	451231	1
57	0	3573411	1
58	0	3573411	1
59	0	3573411	1
60	0	3573411	1
61	0	3573411	1
62	0	3656614	1
63	0	3656614	1
64	0	3656614	1
65	0	3656614	1
66	0	3656614	1
67	0	5917860	1
68	0	5917860	1
69	0	5917860	1
70	0	6211561	1
71	0	6211561	1
72	0	6211561	1
73	0	6211561	1
74	0	6211561	1
75	0	5928574	1
76	0	5928574	1
77	0	5928574	1
78	0	5928574	1
79	0	5928574	1
80	0	6215448	1
81	0	6215448	1
82	0	6215448	1
83	0	6215448	1
84	0	6215448	1
85	0	5873383	1
86	0	5873383	1
87	0	5873383	1
88	0	5873383	1
89	0	5873383	1
90	0	1787607	1
91	0	1787607	1
92	0	1787607	1
93	0	1787607	1
94	0	1787607	1
95	0	8898517	1
96	0	8898517	1
97	0	8898517	1
98	0	8898517	1
99	0	8898517	1
100	0	6204722	1
101	0	6204722	1
102	0	6204722	1
103	0	6204722	1
104	0	6204722	1
105	0	1255406	1
106	0	1255406	1
107	0	1255406	1
108	0	1255406	1
109	0	1255406	1
110	0	6214810	1
111	0	6214810	1
112	0	6214810	1
113	0	6214810	1
114	0	6214810	1
115	0	1230205	1
116	0	1230205	1
117	0	1230205	1
118	0	1230205	1
119	0	1230205	1
120	0	6218483	1
121	0	6218483	1
122	0	6218483	1
123	0	6218483	1
124	0	6218483	1
125	0	353467	1
126	0	353467	1
127	0	353467	1
128	0	353467	1
129	0	353467	1
130	0	678699	1
131	0	678699	1
132	0	678699	1
133	0	678699	1
134	0	678699	1
135	0	9301604	1
136	0	9301604	1
137	0	9301604	1
138	0	9301604	1
139	0	189376	1
140	0	189376	1
141	0	189376	1
142	0	189376	1
143	0	189376	1
144	0	9414276	1
145	0	9414276	1
146	0	9414276	1
147	0	9414276	1
148	0	9414276	1
149	0	6178289	1
150	0	6178289	1
151	0	6178289	1
152	0	6178289	1
153	0	6178289	1
154	0	9414276	1
155	0	9414276	1
156	0	9414276	1
157	0	9414276	1
158	0	9414276	1
159	0	541334	1
160	0	541334	1
161	0	541334	1
162	0	541334	1
163	0	541334	1
164	0	1248432	1
165	0	1248432	1
166	0	1248432	1
167	0	1248432	1
168	0	1248432	1
169	0	6166693	1
170	0	6166693	1
171	0	6166693	1
172	0	6166693	1
173	0	6166693	1
174	0	11132975	1
175	0	11132975	1
176	0	11132975	1
177	0	11132975	1
178	0	11132975	1
179	0	468279	1
180	0	468279	1
181	0	468279	1
182	0	468279	1
183	0	468279	1
184	0	11182106	1
185	0	11182106	1
186	0	11182106	1
187	0	11182106	1
188	0	11182106	1
189	0	6154176	1
190	0	6154176	1
191	0	6154176	1
192	0	6154176	1
193	0	6154176	1
194	0	915883	1
195	0	6200100	1
196	0	6200100	1
197	0	6200100	1
198	0	6200100	1
199	0	6200100	1
200	0	11470872	1
201	0	11470872	1
202	0	11470872	1
203	0	11470872	1
204	0	11470872	1
205	0	605295	1
206	0	605295	1
207	0	605295	1
208	0	605295	1
209	0	605295	1
210	0	11470447	1
211	0	11470447	1
212	0	11470447	1
213	0	11470447	1
214	0	11470447	1
215	0	6167411	1
216	0	6167411	1
217	0	6167411	1
218	0	6167411	1
219	0	6167411	1
220	0	11745611	1
221	0	11745611	1
222	0	11745611	1
223	0	11745611	1
224	0	11745611	1
225	0	6172250	1
226	0	6172250	1
227	0	6172250	1
228	0	6172250	1
229	0	6172250	1
230	0	324365	1
231	0	324365	1
232	0	324365	1
233	0	324365	1
234	0	324365	1
235	0	8287190	1
236	0	8287190	1
237	0	8287190	1
238	0	8287190	1
239	0	8287190	1
240	0	324365	1
241	0	324365	1
242	0	324365	1
243	0	324365	1
244	0	324365	1
245	0	11729477	1
246	0	11729477	1
247	0	11729477	1
248	0	11729477	1
249	0	11729477	1
250	0	11744357	1
251	0	11744357	1
252	0	11744357	1
253	0	11744357	1
254	0	11744357	1
255	0	6210086	1
256	0	6210086	1
257	0	6210086	1
258	0	6210086	1
259	0	6210086	1
260	0	1564297	1
261	0	1564297	1
262	0	1564297	1
263	0	1564297	1
264	0	1564297	1
265	0	6217947	1
266	0	6217947	1
267	0	6217947	1
268	0	6217947	1
269	0	6217947	1
270	0	1339980	1
271	0	1339980	1
272	0	1339980	1
273	0	6931942	1
274	0	6931942	1
275	0	6931942	1
276	0	6931942	1
277	0	6931942	1
278	0	1564227	1
279	0	1564227	1
280	0	1564227	1
281	0	1564227	1
282	0	1564227	1
283	0	3906798	1
284	0	3906798	1
285	0	3906798	1
286	0	3906798	1
287	0	3906798	1
288	0	1147855	1
289	0	1147855	1
290	0	1147855	1
291	0	1147855	1
292	0	1147855	1
293	0	6181341	1
294	0	6181341	1
295	0	6181341	1
296	0	6181341	1
297	0	11727470	1
298	0	11727470	1
299	0	11727470	1
300	0	11727470	1
301	0	11727470	1
302	0	1765474	1
303	0	1765474	1
304	0	1765474	1
305	0	1765474	1
306	0	1765474	1
307	0	1480969	1
308	0	1480969	1
309	0	1480969	1
310	0	1480969	1
311	0	1480969	1
312	0	12915	1
313	0	12915	1
314	0	12915	1
315	0	12915	1
316	0	12915	1
317	0	1480969	1
318	0	1480969	1
319	0	1480969	1
320	0	1480969	1
321	0	1480969	1
322	0	6189391	1
323	0	6189391	1
324	0	6189391	1
325	0	6189391	1
326	0	6189391	1
327	0	11728988	1
328	0	11728988	1
329	0	11728988	1
330	0	11728988	1
331	0	11728988	1
332	0	6183430	1
333	0	6183430	1
334	0	6183430	1
335	0	6183430	1
336	0	6183430	1
337	0	6227938	1
338	0	6227938	1
339	0	6227938	1
340	0	6227938	1
341	0	6227938	1
342	0	1532109	1
343	0	1532109	1
344	0	1532109	1
345	0	1532109	1
346	0	1532109	1
347	0	1108153	1
348	0	1108153	1
349	0	1108153	1
350	0	1108153	1
351	0	1108153	1
352	0	1765582	1
353	0	1765582	1
354	0	1765582	1
355	0	1765582	1
356	0	1765582	1
357	0	6228361	1
358	0	5678343	1
359	0	5678343	1
360	0	1108176	1
361	0	1108176	1
362	0	1108176	1
363	0	1108176	1
364	0	1108176	1
365	0	605301	1
366	0	605301	1
367	0	605301	1
368	0	605301	1
369	0	605301	1
370	0	1108176	1
371	0	1108176	1
372	0	1108176	1
373	0	1108176	1
374	0	1108176	1
375	0	6216766	1
376	0	6216766	1
377	0	6216766	1
378	0	6216766	1
379	0	6216766	1
380	0	6212725	1
381	0	6212725	1
382	0	6212725	1
383	0	6212725	1
384	0	6212725	1
385	0	3599681	1
386	0	3599681	1
387	0	3599681	1
388	0	3599681	1
389	0	3599681	1
390	0	6212725	1
391	0	6212725	1
392	0	6212725	1
393	0	6212725	1
394	0	6212725	1
395	0	3499903	1
396	0	3499903	1
397	0	3499903	1
398	0	3499903	1
399	0	3499903	1
400	0	11331985	1
401	0	11331985	1
402	0	11331985	1
403	0	8289427	1
404	0	8289427	1
405	0	8289427	1
406	0	8289427	1
407	0	8289427	1
408	0	605800	1
409	0	605800	1
410	0	1772134	1
411	0	1772134	1
412	0	1772134	1
413	0	1772134	1
414	0	1772134	1
415	0	6213752	1
416	0	6213752	1
417	0	6213752	1
418	0	6213752	1
419	0	6213752	1
420	0	12041690	1
421	0	12041690	1
422	0	12041690	1
423	0	12041690	1
424	0	12041690	1
425	0	605341	1
426	0	605341	1
427	0	605341	1
428	0	605341	1
429	0	605341	1
430	0	6931436	1
431	0	6931436	1
432	0	6931436	1
433	0	6931436	1
434	0	6931436	1
435	0	605806	1
436	0	605806	1
437	0	605806	1
438	0	605806	1
439	0	605806	1
440	0	84368	1
441	0	84368	1
442	0	84368	1
443	0	84368	1
444	0	84368	1
445	0	13336	1
446	0	13336	1
447	0	13336	1
448	0	13336	1
449	0	13336	1
450	0	304244	1
451	0	304244	1
452	0	304244	1
453	0	304244	1
454	0	304244	1
455	0	13336	1
456	0	13336	1
457	0	13336	1
458	0	13336	1
459	0	13336	1
460	0	3931157	1
461	0	3931157	1
462	0	3931157	1
463	0	3931157	1
464	0	3931157	1
465	0	14016	1
466	0	14016	1
467	0	14016	1
468	0	14016	1
469	0	14016	1
470	0	3583743	1
471	0	3583743	1
472	0	3583743	1
473	0	3583743	1
474	0	3583743	1
475	0	28332	1
476	0	28332	1
477	0	3463590	1
478	0	3463590	1
479	0	3463590	1
480	0	3463590	1
481	0	3463590	1
482	0	28034	1
483	0	28034	1
484	0	28034	1
485	0	28034	1
486	0	28034	1
487	0	1771589	1
488	0	1771589	1
489	0	1771589	1
490	0	1771589	1
491	0	1771589	1
492	0	6170495	1
493	0	6170495	1
494	0	6170495	1
495	0	6170495	1
496	0	6170495	1
497	0	28093	1
498	0	28093	1
499	0	28093	1
500	0	28093	1
501	0	28093	1
502	0	6166693	1
503	0	6166693	1
504	0	6166693	1
505	0	6166693	1
506	0	6166693	1
507	0	12787	1
508	0	12787	1
509	0	12787	1
510	0	12787	1
511	0	12787	1
512	0	1524661	1
513	0	1524661	1
514	0	1524661	1
515	0	1524661	1
516	0	1524661	1
517	0	6204748	1
518	0	6204748	1
519	0	6204748	1
520	0	6204748	1
521	0	6204748	1
522	0	6188807	1
523	0	6188807	1
524	0	6188807	1
525	0	6188807	1
526	0	6188807	1
527	0	11960265	1
528	0	11960265	1
529	0	11960265	1
530	0	11960265	1
531	0	11960265	1
532	0	6183325	1
533	0	6183325	1
534	0	6183325	1
535	0	6183325	1
536	0	6183325	1
537	0	678699	1
538	0	678699	1
539	0	678699	1
540	0	678699	1
541	0	678699	1
542	0	6207619	1
543	0	6207619	1
544	0	6207619	1
545	0	6207619	1
546	0	6207619	1
547	0	364913	1
548	0	364913	1
549	0	364913	1
550	0	364913	1
551	0	364913	1
552	0	6156305	1
553	0	6156305	1
554	0	6156305	1
555	0	6156305	1
556	0	6156305	1
557	0	11334896	1
558	0	11334896	1
559	0	11334896	1
560	0	11334896	1
561	0	11334896	1
562	0	3468334	1
563	0	3468334	1
564	0	3468334	1
565	0	3468334	1
566	0	3468334	1
567	0	11335902	1
568	0	11335902	1
569	0	11335902	1
570	0	11335902	1
571	0	11335902	1
572	0	3516839	1
573	0	3516839	1
574	0	3516839	1
575	0	3516839	1
576	0	3516839	1
577	0	11299017	1
578	0	11299017	1
579	0	11299017	1
580	0	11299017	1
581	0	11299017	1
582	0	468276	1
583	0	468276	1
584	0	468276	1
585	0	468276	1
586	0	468276	1
587	0	6187462	1
588	0	6187462	1
589	0	6187462	1
590	0	6187462	1
591	0	6187462	1
592	0	11317375	1
593	0	11317375	1
594	0	11317375	1
595	0	11317375	1
596	0	11317375	1
597	0	6187462	1
598	0	6187462	1
599	0	6187462	1
600	0	6187462	1
601	0	6187462	1
602	0	6165107	1
603	0	6165107	1
604	0	6165107	1
605	0	6165107	1
606	0	6165107	1
607	0	636682	1
608	0	636682	1
609	0	636682	1
610	0	636682	1
611	0	636682	1
612	0	8289541	1
613	0	8289541	1
614	0	8289541	1
615	0	8289541	1
616	0	8289541	1
617	0	6191830	1
618	0	6191830	1
619	0	6191830	1
620	0	6191830	1
621	0	6191830	1
622	0	11722820	1
623	0	11723264	1
624	0	11723264	1
625	0	11723264	1
626	0	11723264	1
627	0	11723264	1
628	0	11925862	1
629	0	11925862	1
630	0	11925862	1
631	0	11925862	1
632	0	11925862	1
633	0	1777844	1
634	0	1777844	1
635	0	1777844	1
636	0	1777844	1
637	0	1777844	1
638	0	3658647	1
639	0	3658647	1
640	0	3658647	1
641	0	3658647	1
642	0	3658647	1
643	0	1787633	1
644	0	1787633	1
645	0	1787633	1
646	0	1787633	1
647	0	1787633	1
648	0	6163485	1
649	0	6163485	1
650	0	6163485	1
651	0	6163485	1
652	0	6163485	1
653	0	1780381	1
654	0	1780381	1
655	0	1780381	1
656	0	1780381	1
657	0	1780381	1
658	0	5701158	1
659	0	5701158	1
660	0	5701158	1
661	0	5701158	1
662	0	5701158	1
663	0	6176664	1
664	0	6176664	1
665	0	6176664	1
666	0	6176664	1
667	0	6176664	1
668	0	6169915	1
669	0	6169915	1
670	0	6169915	1
671	0	6169915	1
672	0	6169915	1
673	0	6176664	1
674	0	6176664	1
675	0	6176664	1
676	0	6176664	1
677	0	6176664	1
678	0	6159871	1
679	0	6159871	1
680	0	6159871	1
681	0	6159871	1
682	0	6159871	1
683	0	6176664	1
684	0	6176664	1
685	0	6176664	1
686	0	6176664	1
687	0	6176664	1
688	0	3942430	1
689	0	3942430	1
690	0	3942430	1
691	0	3942430	1
692	0	3942430	1
693	0	2264	1
694	0	2264	1
695	0	2264	1
696	0	2264	1
697	0	2264	1
698	0	353664	1
699	0	353664	1
700	0	353664	1
701	0	353664	1
702	0	353664	1
703	0	2264	1
704	0	2264	1
705	0	2264	1
706	0	2264	1
707	0	2264	1
708	0	6137691	1
709	0	6137691	1
710	0	6137691	1
711	0	6137691	1
712	0	6137691	1
713	0	1490618	1
714	0	1490618	1
715	0	1490618	1
716	0	1490618	1
717	0	1490618	1
718	0	6165001	1
719	0	6165001	1
720	0	6165001	1
721	0	6165001	1
722	0	6165001	1
723	0	6177769	1
724	0	6177769	1
725	0	6177769	1
726	0	6177769	1
727	0	6177769	1
728	0	11643636	1
729	0	11643636	1
730	0	11643636	1
731	0	11643636	1
732	0	11643636	1
733	0	12123142	1
734	0	12123142	1
735	0	12123142	1
736	0	12123142	1
737	0	12123142	1
738	0	6932011	1
739	0	6932011	1
740	0	6932011	1
741	0	6932011	1
742	0	6932011	1
743	0	6176512	1
744	0	6176512	1
745	0	6176512	1
746	0	6176512	1
747	0	6176512	1
748	0	6168585	1
749	0	6168585	1
750	0	6168585	1
751	0	6168585	1
752	0	6168585	1
753	0	7650	1
754	0	7650	1
755	0	7650	1
756	0	7650	1
757	0	7650	1
758	0	11715808	1
759	0	6178074	1
760	0	6178074	1
761	0	6178074	1
762	0	6178074	1
763	0	6178074	1
764	0	3383405	1
765	0	3383405	1
766	0	3383405	1
767	0	3383405	1
768	0	3383405	1
769	0	6176137	1
770	0	6176137	1
771	0	6176137	1
772	0	6176137	1
773	0	6176137	1
774	0	6160543	1
775	0	6160543	1
776	0	6160543	1
777	0	6160543	1
778	0	6160543	1
779	0	6079	1
780	0	6079	1
781	0	6079	1
782	0	6079	1
783	0	6079	1
784	0	6159838	1
785	0	6159838	1
786	0	6159838	1
787	0	6159838	1
788	0	6159838	1
789	0	6176749	1
790	0	6176749	1
791	0	6176749	1
792	0	6176749	1
793	0	6176749	1
794	0	11733438	1
795	0	11733438	1
796	0	11733438	1
797	0	11733438	1
798	0	11733438	1
799	0	12026871	1
800	0	12026871	1
801	0	12026871	1
802	0	12026871	1
803	0	12026871	1
804	0	1767776	1
805	0	1767776	1
806	0	1767776	1
807	0	1767776	1
808	0	1767776	1
809	0	6175136	1
810	0	6175136	1
811	0	6175136	1
812	0	6175136	1
813	0	6175136	1
814	0	3939849	1
815	0	3939849	1
816	0	3939849	1
817	0	3939849	1
818	0	3939849	1
819	0	6176396	1
820	0	6176396	1
821	0	6176396	1
822	0	6176396	1
823	0	6176396	1
824	0	1134198	1
825	0	1134198	1
826	0	1134198	1
827	0	1134198	1
828	0	1134198	1
829	0	6183325	1
830	0	6183325	1
831	0	6183325	1
832	0	6183325	1
833	0	6183325	1
834	0	6168633	1
835	0	6168633	1
836	0	6168633	1
837	0	6168633	1
838	0	6168633	1
839	0	6182253	1
840	0	6182253	1
841	0	6182253	1
842	0	6182253	1
843	0	6182253	1
844	0	368211	1
845	0	368211	1
846	0	368211	1
847	0	368211	1
848	0	368211	1
849	0	6176665	1
850	0	6176665	1
851	0	6176665	1
852	0	6176665	1
853	0	6176665	1
854	0	6167820	1
855	0	6167820	1
856	0	6167820	1
857	0	541982	1
858	0	541982	1
859	0	541982	1
860	0	541982	1
861	0	541982	1
862	0	5677996	1
863	0	5677996	1
864	0	5677996	1
865	0	5677996	1
866	0	5677996	1
867	0	6179827	1
868	0	6179827	1
869	0	6179827	1
870	0	6179827	1
871	0	6179827	1
872	0	6177874	1
873	0	6177874	1
874	0	6177874	1
875	0	6177874	1
876	0	6177874	1
877	0	11957617	1
878	0	11957617	1
879	0	11957617	1
880	0	11957617	1
881	0	11957617	1
882	0	6158690	1
883	0	6158690	1
884	0	6158690	1
885	0	6158690	1
886	0	6158690	1
887	0	11957278	1
888	0	11957278	1
889	0	11957278	1
890	0	11957278	1
891	0	11957278	1
892	0	3903210	1
893	0	3903210	1
894	0	3903210	1
895	0	3903210	1
896	0	3903210	1
897	0	11338628	1
898	0	11338628	1
899	0	11338628	1
900	0	11338628	1
901	0	11338628	1
902	0	6171859	1
903	0	6171859	1
904	0	6171859	1
905	0	6171859	1
906	0	6171859	1
907	0	11715401	1
908	0	11715401	1
909	0	11715401	1
910	0	11715401	1
911	0	11715401	1
912	0	3904778	1
913	0	3904778	1
914	0	3904778	1
915	0	3904778	1
916	0	3904778	1
917	0	6170538	1
918	0	6170538	1
919	0	6170538	1
920	0	6170538	1
921	0	6170538	1
922	0	359158	1
923	0	359158	1
924	0	359158	1
925	0	359158	1
926	0	359158	1
927	0	11733536	1
928	0	11733536	1
929	0	11733536	1
930	0	11733536	1
931	0	11733536	1
932	0	3929002	1
933	0	3929002	1
934	0	3929002	1
935	0	3929002	1
936	0	3929002	1
937	0	12026715	1
938	0	12026715	1
939	0	12026715	1
940	0	12026715	1
941	0	12026715	1
942	0	1148061	1
943	0	1148061	1
944	0	1148061	1
945	0	1148061	1
946	0	1148061	1
947	0	11735156	1
948	0	11735156	1
949	0	11735156	1
950	0	11735156	1
951	0	11735156	1
952	0	6166312	1
953	0	6166312	1
954	0	6166312	1
955	0	6166312	1
956	0	6166312	1
957	0	11735156	1
958	0	11735156	1
959	0	11735156	1
960	0	11735156	1
961	0	11735156	1
962	0	6136730	1
963	0	6136730	1
964	0	6136730	1
965	0	6136730	1
966	0	6136730	1
967	0	12054849	1
968	0	12054849	1
969	0	12054849	1
970	0	12054849	1
971	0	12054849	1
972	0	6164332	1
973	0	6164332	1
974	0	6164332	1
975	0	6164332	1
976	0	6164332	1
977	0	6169954	1
978	0	6169954	1
979	0	6169954	1
980	0	6169954	1
981	0	6169954	1
982	0	6166651	1
983	0	6166651	1
984	0	6166651	1
985	0	6166651	1
986	0	6166651	1
987	0	6171321	1
988	0	6171321	1
989	0	6171321	1
990	0	6171321	1
991	0	6171321	1
992	0	8299708	1
993	0	8299708	1
994	0	8299708	1
995	0	8299708	1
996	0	8299708	1
997	0	407769	1
998	0	407769	1
999	0	407769	1
1000	0	6168686	1
1001	0	6168686	1
1002	0	6168686	1
1003	0	6168686	1
1004	0	6168686	1
1005	0	3599681	1
1006	0	3599681	1
1007	0	3599681	1
1008	0	3599681	1
1009	0	3599681	1
1010	0	1771730	1
1011	0	1771730	1
1012	0	1771730	1
1013	0	1771730	1
1014	0	1771730	1
1015	0	6140617	1
1016	0	6140617	1
1017	0	6140617	1
1018	0	6140617	1
1019	0	6140617	1
1020	0	1771581	1
1021	0	1771581	1
1022	0	1771581	1
1023	0	1771581	1
1024	0	1771581	1
1025	0	81088	1
1026	0	81088	1
1027	0	81088	1
1028	0	81088	1
1029	0	81088	1
1030	0	1772077	1
1031	0	1772077	1
1032	0	1772077	1
1033	0	1772077	1
1034	0	1772077	1
1035	0	362582	1
1036	0	362582	1
1037	0	362582	1
1038	0	362582	1
1039	0	362582	1
1040	0	1772077	1
1041	0	1772077	1
1042	0	1772077	1
1043	0	1772077	1
1044	0	1772077	1
1045	0	6157337	1
1046	0	6157337	1
1047	0	6157337	1
1048	0	6157337	1
1049	0	6157337	1
1050	0	6171870	1
1051	0	6171870	1
1052	0	6171870	1
1053	0	6171870	1
1054	0	6171870	1
1055	0	8290208	1
1056	0	8290208	1
1057	0	8290208	1
1058	0	8290208	1
1059	0	8290208	1
1060	0	1771578	1
1061	0	1771578	1
1062	0	1771578	1
1063	0	1771578	1
1064	0	1771578	1
1065	0	362379	1
1066	0	362379	1
1067	0	362379	1
1068	0	362379	1
1069	0	6181588	1
1070	0	6181588	1
1071	0	6181588	1
1072	0	6181588	1
1073	0	6181588	1
1074	0	6158919	1
1075	0	6158919	1
1076	0	6158919	1
1077	0	6158919	1
1078	0	6158919	1
1079	0	1767670	1
1080	0	1767670	1
1081	0	1767670	1
1082	0	1767670	1
1083	0	1767670	1
1084	0	6160420	1
1085	0	6160420	1
1086	0	6160420	1
1087	0	6160420	1
1088	0	6160420	1
1089	0	1767371	1
1090	0	1767371	1
1091	0	1767371	1
1092	0	1767371	1
1093	0	1767371	1
1094	0	6166360	1
1095	0	6166360	1
1096	0	1767723	1
1097	0	1767723	1
1098	0	1767723	1
1099	0	1767723	1
1100	0	1767723	1
1101	0	5704466	1
1102	0	5704466	1
1103	0	5704466	1
1104	0	5704466	1
1105	0	5704466	1
1106	0	6171487	1
1107	0	6171487	1
1108	0	6171487	1
1109	0	6171487	1
1110	0	6171487	1
1111	0	11299429	1
1112	0	11299429	1
1113	0	11299429	1
1114	0	11299429	1
1115	0	11299429	1
1116	0	6166408	1
1117	0	6166408	1
1118	0	6166408	1
1119	0	6166408	1
1120	0	6166408	1
1121	0	6931675	1
1122	0	6931675	1
1123	0	6931675	1
1124	0	6931675	1
1125	0	6166408	1
1126	0	6166408	1
1127	0	6166408	1
1128	0	6166408	1
1129	0	6166408	1
1130	0	372505	1
1131	0	372505	1
1132	0	372505	1
1133	0	372505	1
1134	0	372505	1
1135	0	1767493	1
1136	0	1767493	1
1137	0	1767493	1
1138	0	1767493	1
1139	0	1767493	1
1140	0	3933606	1
1141	0	3933606	1
1142	0	3933606	1
1143	0	3933606	1
1144	0	3933606	1
1145	0	11336704	1
1146	0	11336704	1
1147	0	11336704	1
1148	0	11336704	1
1149	0	11336704	1
1150	0	6161224	1
1151	0	6161224	1
1152	0	6161224	1
1153	0	6161224	1
1154	0	6161224	1
1155	0	11338823	1
1156	0	11338823	1
1157	0	11338823	1
1158	0	11338823	1
1159	0	11338823	1
1160	0	6166003	1
1161	0	6166003	1
1162	0	6166003	1
1163	0	6166003	1
1164	0	6166003	1
1165	0	11339173	1
1166	0	11339173	1
1167	0	11339173	1
1168	0	11339173	1
1169	0	11339173	1
1170	0	368290	1
1171	0	368290	1
1172	0	368290	1
1173	0	368290	1
1174	0	368290	1
1175	0	11339173	1
1176	0	11339173	1
1177	0	11339173	1
1178	0	11339173	1
1179	0	11339173	1
1180	0	3903035	1
1181	0	3903035	1
1182	0	3903035	1
1183	0	3903035	1
1184	0	3903035	1
1185	0	11341451	1
1186	0	11341451	1
1187	0	11341451	1
1188	0	11341451	1
1189	0	11341451	1
1190	0	640821	1
1191	0	640821	1
1192	0	640821	1
1193	0	640821	1
1194	0	640821	1
1195	0	11340402	1
1196	0	11340402	1
1197	0	11340402	1
1198	0	11340402	1
1199	0	11340402	1
1200	0	1285830	1
1201	0	1285830	1
1202	0	1285830	1
1203	0	1285830	1
1204	0	1285830	1
1205	0	11336837	1
1206	0	11336837	1
1207	0	11336837	1
1208	0	11336837	1
1209	0	11336837	1
1210	0	341446	1
1211	0	341446	1
1212	0	341446	1
1213	0	341446	1
1214	0	341446	1
1215	0	6174691	1
1216	0	6174691	1
1217	0	6174691	1
1218	0	6174691	1
1219	0	6174691	1
1220	0	6140033	1
1221	0	6140033	1
1222	0	6140033	1
1223	0	6140033	1
1224	0	6140033	1
1225	0	12046400	1
1226	0	12046400	1
1227	0	12046400	1
1228	0	12046400	1
1229	0	12046400	1
1230	0	6163569	1
1231	0	6163569	1
1232	0	6163569	1
1233	0	6163569	1
1234	0	6163569	1
1235	0	6174203	1
1236	0	6174203	1
1237	0	6174203	1
1238	0	6174203	1
1239	0	6174203	1
1240	0	6162154	1
1241	0	6162154	1
1242	0	6162154	1
1243	0	6162154	1
1244	0	6162154	1
1245	0	1525264	1
1246	0	1525264	1
1247	0	1525264	1
1248	0	1525264	1
1249	0	1525264	1
1250	0	3630982	1
1251	0	3630982	1
1252	0	3630982	1
1253	0	3630982	1
1254	0	3630982	1
1255	0	6172794	1
1256	0	6172794	1
1257	0	6172794	1
1258	0	6172794	1
1259	0	6172794	1
1260	0	6166312	1
1261	0	6166312	1
1262	0	6166312	1
1263	0	6166312	1
1264	0	6166312	1
1265	0	6171849	1
1266	0	6171849	1
1267	0	6171849	1
1268	0	6171849	1
1269	0	6171849	1
1270	0	362716	1
1271	0	362716	1
1272	0	362716	1
1273	0	362716	1
1274	0	362716	1
1275	0	6166688	1
1276	0	6166688	1
1277	0	6166688	1
1278	0	6166688	1
1279	0	6166688	1
1280	0	6163994	1
1281	0	6163994	1
1282	0	6163994	1
1283	0	6163994	1
1284	0	6163994	1
1285	0	6166505	1
1286	0	6166505	1
1287	0	6166505	1
1288	0	6166505	1
1289	0	6166505	1
1290	0	6930835	1
1291	0	6930835	1
1292	0	6930835	1
1293	0	6930835	1
1294	0	6930835	1
1295	0	6164855	1
1296	0	6164855	1
1297	0	6164855	1
1298	0	6164855	1
1299	0	6164855	1
1300	0	365087	1
1301	0	365087	1
1302	0	365087	1
1303	0	365087	1
1304	0	365087	1
1305	0	6164855	1
1306	0	6164855	1
1307	0	6164855	1
1308	0	6164855	1
1309	0	6164855	1
1310	0	11926611	1
1311	0	11926611	1
1312	0	11926611	1
1313	0	11926611	1
1314	0	11926611	1
1315	0	11729594	1
1316	0	11729594	1
1317	0	11729594	1
1318	0	11729594	1
1319	0	11729594	1
1320	0	3498470	1
1321	0	3498470	1
1322	0	6165037	1
1323	0	6165037	1
1324	0	6165037	1
1325	0	6165037	1
1326	0	6165037	1
1327	0	6144433	1
1328	0	6144433	1
1329	0	6144433	1
1330	0	6144433	1
1331	0	6144433	1
1332	0	6165037	1
1333	0	6165037	1
1334	0	6165037	1
1335	0	6165037	1
1336	0	6165037	1
1337	0	5718167	1
1338	0	5718167	1
1339	0	5718167	1
1340	0	5718167	1
1341	0	5718167	1
1342	0	379871	1
1343	0	379871	1
1344	0	379871	1
1345	0	379871	1
1346	0	379871	1
1347	0	377174	1
1348	0	377174	1
1349	0	377174	1
1350	0	377174	1
1351	0	377174	1
1352	0	1765582	1
1353	0	1765582	1
1354	0	1765582	1
1355	0	1765582	1
1356	0	1765582	1
1357	0	362663	1
1358	0	362663	1
1359	0	362663	1
1360	0	362663	1
1361	0	362663	1
1362	0	1765582	1
1363	0	1765582	1
1364	0	1765582	1
1365	0	1765582	1
1366	0	1765582	1
1367	0	11300626	1
1368	0	11300626	1
1369	0	11300626	1
1370	0	11300626	1
1371	0	11300626	1
1372	0	1765363	1
1373	0	1765363	1
1374	0	1765363	1
1375	0	1765363	1
1376	0	1765363	1
1377	0	343165	1
1378	0	343165	1
1379	0	343165	1
1380	0	343165	1
1381	0	343165	1
1382	0	1765333	1
1383	0	1765333	1
1384	0	1765333	1
1385	0	1765333	1
1386	0	1765333	1
1387	0	368158	1
1388	0	368158	1
1389	0	368158	1
1390	0	368158	1
1391	0	368158	1
1392	0	451418	1
1393	0	451418	1
1394	0	451418	1
1395	0	451418	1
1396	0	451418	1
1397	0	11299337	1
1398	0	11299337	1
1399	0	11299337	1
1400	0	11299337	1
1401	0	11299337	1
1402	0	1765474	1
1403	0	1765474	1
1404	0	1765474	1
1405	0	1765474	1
1406	0	1765474	1
1407	0	11300626	1
1408	0	11300626	1
1409	0	11300626	1
1410	0	11300626	1
1411	0	11300626	1
1412	0	451047	1
1413	0	451047	1
1414	0	451047	1
1415	0	451047	1
1416	0	451047	1
1417	0	6931824	1
1418	0	6931824	1
1419	0	6931824	1
1420	0	6931824	1
1421	0	6931824	1
1422	0	1285816	1
1423	0	1285816	1
1424	0	1285816	1
1425	0	1285816	1
1426	0	1285816	1
1427	0	414131	1
1428	0	414131	1
1429	0	414131	1
1430	0	414131	1
1431	0	414131	1
1432	0	1785580	1
1433	0	1785580	1
1434	0	1785580	1
1435	0	1785580	1
1436	0	1785580	1
1437	0	3949489	1
1438	0	3949489	1
1439	0	3949489	1
1440	0	3949489	1
1441	0	3949489	1
1442	0	6162322	1
1443	0	6162322	1
1444	0	6162322	1
1445	0	6162322	1
1446	0	6162322	1
1447	0	8777	1
1448	0	8777	1
1449	0	8777	1
1450	0	8777	1
1451	0	8777	1
1452	0	6159097	1
1453	0	1105266	1
1454	0	6160271	1
1455	0	6160271	1
1456	0	6160271	1
1457	0	6160271	1
1458	0	6160271	1
1459	0	8288734	1
1460	0	8288734	1
1461	0	8288734	1
1462	0	8288734	1
1463	0	8288734	1
1464	0	11335683	1
1465	0	11335683	1
1466	0	11335683	1
1467	0	11335683	1
1468	0	11335683	1
1469	0	3915622	1
1470	0	3915622	1
1471	0	3915622	1
1472	0	3915622	1
1473	0	3915622	1
1474	0	11340482	1
1475	0	11340482	1
1476	0	11340482	1
1477	0	11340482	1
1478	0	11340482	1
1479	0	8286632	1
1480	0	8286632	1
1481	0	8286632	1
1482	0	8286632	1
1483	0	8286632	1
1484	0	641305	1
1485	0	641305	1
1486	0	641305	1
1487	0	641305	1
1488	0	641305	1
1489	0	3646827	1
1490	0	3646827	1
1491	0	3646827	1
1492	0	3646827	1
1493	0	3646827	1
1494	0	641305	1
1495	0	641305	1
1496	0	641305	1
1497	0	641305	1
1498	0	641305	1
1499	0	1499406	1
1500	0	1499406	1
1501	0	1499406	1
1502	0	1499406	1
1503	0	1499406	1
1504	0	641305	1
1505	0	641305	1
1506	0	641305	1
1507	0	641305	1
1508	0	641305	1
1509	0	3414183	1
1510	0	3414183	1
1511	0	3414183	1
1512	0	3414183	1
1513	0	3414183	1
1514	0	362582	1
1515	0	362582	1
1516	0	362582	1
1517	0	362582	1
1518	0	362582	1
1519	0	6159022	1
1520	0	6159022	1
1521	0	6159022	1
1522	0	6159022	1
1523	0	6159022	1
1524	0	6160710	1
1525	0	6160710	1
1526	0	6160710	1
1527	0	6160710	1
1528	0	6160710	1
1529	0	3916250	1
1530	0	3916250	1
1531	0	3916250	1
1532	0	3916250	1
1533	0	3916250	1
1534	0	572305	1
1535	0	572305	1
1536	0	572305	1
1537	0	572305	1
1538	0	572305	1
1539	0	377142	1
1540	0	377142	1
1541	0	377142	1
1542	0	377142	1
1543	0	377142	1
1544	0	6160224	1
1545	0	6160224	1
1546	0	6160224	1
1547	0	6160224	1
1548	0	6160224	1
1549	0	8285078	1
1550	0	8285078	1
1551	0	8285078	1
1552	0	8285078	1
1553	0	8285078	1
1554	0	6160224	1
1555	0	6160224	1
1556	0	6160224	1
1557	0	6160224	1
1558	0	6160224	1
1559	0	3642626	1
1560	0	3642626	1
1561	0	3642626	1
1562	0	3642626	1
1563	0	3642626	1
1564	0	3938061	1
1565	0	3938061	1
1566	0	3938061	1
1567	0	3938061	1
1568	0	3938061	1
1569	0	5720689	1
1570	0	3689027	1
1571	0	3689027	1
1572	0	3689027	1
1573	0	3689027	1
1574	0	3689027	1
1575	0	3938061	1
1576	0	3938061	1
1577	0	3938061	1
1578	0	3938061	1
1579	0	3938061	1
1580	0	3674303	1
1581	0	3674303	1
1582	0	3674303	1
1583	0	3674303	1
1584	0	3674303	1
1585	0	6158163	1
1586	0	6158163	1
1587	0	6158163	1
1588	0	6158163	1
1589	0	6158163	1
1590	0	11725442	1
1591	0	11725442	1
1592	0	11725442	1
1593	0	11725442	1
1594	0	11725442	1
1595	0	353956	1
1596	0	353956	1
1597	0	353956	1
1598	0	353956	1
1599	0	353956	1
1600	0	11341575	1
1601	0	377010	1
1602	0	377010	1
1603	0	377010	1
1604	0	377010	1
1605	0	377010	1
1606	0	377010	1
1607	0	377010	1
1608	0	377010	1
1609	0	377010	1
1610	0	377010	1
1611	0	434121	1
1612	0	434121	1
1613	0	434121	1
1614	0	434121	1
1615	0	434121	1
1616	0	377010	1
1617	0	377010	1
1618	0	377010	1
1619	0	377010	1
1620	0	377010	1
1621	0	3906090	1
1622	0	3906090	1
1623	0	3906090	1
1624	0	3906090	1
1625	0	3906090	1
1626	0	6143691	1
1627	0	6143691	1
1628	0	6143691	1
1629	0	6143691	1
1630	0	6143691	1
1631	0	3914451	1
1632	0	3914451	1
1633	0	3914451	1
1634	0	3914451	1
1635	0	3914451	1
1636	0	302045	1
1637	0	302045	1
1638	0	302045	1
1639	0	302045	1
1640	0	302045	1
1641	0	3902786	1
1642	0	6143736	1
1643	0	6143736	1
1644	0	6143736	1
1645	0	6143736	1
1646	0	6143736	1
1647	0	8289237	1
1648	0	8289237	1
1649	0	8289237	1
1650	0	8289237	1
1651	0	8289237	1
1652	0	301825	1
1653	0	301825	1
1654	0	301825	1
1655	0	301825	1
1656	0	301825	1
1657	0	6144782	1
1658	0	6144782	1
1659	0	6144782	1
1660	0	6144782	1
1661	0	6144782	1
1662	0	3445849	1
1663	0	3445849	1
1664	0	3445849	1
1665	0	3445849	1
1666	0	3445849	1
1667	0	303840	1
1668	0	303840	1
1669	0	303840	1
1670	0	303840	1
1671	0	303840	1
1672	0	3907637	1
1673	0	3907637	1
1674	0	3907637	1
1675	0	366495	1
1676	0	366495	1
1677	0	366495	1
1678	0	366495	1
1679	0	366495	1
1680	0	366760	1
1681	0	366760	1
1682	0	366760	1
1683	0	366760	1
1684	0	366760	1
1685	0	366560	1
1686	0	366560	1
1687	0	366560	1
1688	0	366560	1
1689	0	366560	1
1690	0	6140479	1
1691	0	374741	1
1692	0	374741	1
1693	0	374741	1
1694	0	374741	1
1695	0	1501244	1
1696	0	1501244	1
1697	0	1501244	1
1698	0	1501244	1
1699	0	368247	1
1700	0	368247	1
1701	0	368247	1
1702	0	368247	1
1703	0	368247	1
1704	0	5717781	1
1705	0	5717781	1
1706	0	5717781	1
1707	0	5717781	1
1708	0	5717781	1
1709	0	303872	1
1710	0	303872	1
1711	0	303872	1
1712	0	303872	1
1713	0	303872	1
1714	0	344922	1
1715	0	344922	1
1716	0	344922	1
1717	0	344922	1
1718	0	344922	1
1719	0	6136267	1
1720	0	6136267	1
1721	0	6136267	1
1722	0	6136267	1
1723	0	6136267	1
1724	0	1486115	1
1725	0	1486115	1
1726	0	1486115	1
1727	0	6136267	1
1728	0	6136267	1
1729	0	6136267	1
1730	0	6136267	1
1731	0	6136267	1
1732	0	3902629	1
1733	0	3902629	1
1734	0	3902629	1
1735	0	3902629	1
1736	0	3902629	1
1737	0	6137652	1
1738	0	6137652	1
1739	0	6137652	1
1740	0	6137652	1
1741	0	6137652	1
1742	0	6136936	1
1743	0	6136936	1
1744	0	6136936	1
1745	0	6136936	1
1746	0	6136936	1
1747	0	6138434	1
1748	0	6138434	1
1749	0	6138434	1
1750	0	6138434	1
1751	0	6138434	1
1752	0	3344630	1
1753	0	3344630	1
1754	0	3344630	1
1755	0	3344630	1
1756	0	3344630	1
1757	0	6136740	1
1758	0	6136740	1
1759	0	6136740	1
1760	0	6136740	1
1761	0	6136740	1
1762	0	1484712	1
1763	0	1484712	1
1764	0	1484712	1
1765	0	1484712	1
1766	0	1484712	1
1767	0	6138846	1
1768	0	6138846	1
1769	0	6138846	1
1770	0	6138846	1
1771	0	6138846	1
1772	0	3902647	1
1773	0	3902647	1
1774	0	3902647	1
1775	0	3902647	1
1776	0	3902647	1
1777	0	6137945	1
1778	0	6137945	1
1779	0	6137945	1
1780	0	6137945	1
1781	0	6137945	1
1782	0	341585	1
1783	0	359322	1
1784	0	359322	1
1785	0	359322	1
1786	0	359322	1
1787	0	359322	1
1788	0	11727460	1
1789	0	11727460	1
1790	0	11727460	1
1791	0	11727460	1
1792	0	11727460	1
1793	0	359225	1
1794	0	359225	1
1795	0	359225	1
1796	0	359225	1
1797	0	359225	1
1798	0	1484699	1
1799	0	1484699	1
1800	0	1484699	1
1801	0	1484699	1
1802	0	1484699	1
1803	0	6137841	1
1804	0	6137841	1
1805	0	6137841	1
1806	0	6137841	1
1807	0	6137841	1
1808	0	5724172	1
1809	0	5724172	1
1810	0	6137531	1
1811	0	6137531	1
1812	0	6137531	1
1813	0	6137531	1
1814	0	6137531	1
1815	0	5723730	1
1816	0	5723730	1
1817	0	5723730	1
1818	0	5723730	1
1819	0	5723730	1
1820	0	6137572	1
1821	0	6137572	1
1822	0	6137572	1
1823	0	6137572	1
1824	0	6137572	1
1825	0	3626047	1
1826	0	3626047	1
1827	0	3626047	1
1828	0	3626047	1
1829	0	3626047	1
1830	0	6141122	1
1831	0	5721828	1
1832	0	5721828	1
1833	0	5721828	1
1834	0	5721828	1
1835	0	5721828	1
1836	0	6141122	1
1837	0	6141122	1
1838	0	6141122	1
1839	0	6141122	1
1840	0	6141122	1
1841	0	3412793	1
1842	0	3412793	1
1843	0	3412793	1
1844	0	3412793	1
1845	0	3412793	1
1846	0	6139344	1
1847	0	6139344	1
1848	0	6139344	1
1849	0	13162	1
1850	0	13162	1
1851	0	6139344	1
1852	0	6139344	1
1853	0	189376	1
1854	0	189376	1
1855	0	189376	1
1856	0	189376	1
1857	0	189376	1
1858	0	6137459	1
1859	0	6137459	1
1860	0	6137459	1
1861	0	6137459	1
1862	0	6137459	1
1863	0	11339780	1
1864	0	11339780	1
1865	0	11339780	1
1866	0	11339780	1
1867	0	11339780	1
1868	0	10687	1
1869	0	10687	1
1870	0	10687	1
1871	0	10687	1
1872	0	10687	1
1873	0	102735	1
1874	0	102735	1
1875	0	102735	1
1876	0	102735	1
1877	0	102735	1
1878	0	6141099	1
1879	0	6141099	1
1880	0	6141099	1
1881	0	6141099	1
1882	0	6141099	1
1883	0	1175059	1
1884	0	1175059	1
1885	0	1175059	1
1886	0	1175059	1
1887	0	1175059	1
1888	0	6141099	1
1889	0	6141099	1
1890	0	6141099	1
1891	0	6141099	1
1892	0	6141099	1
1893	0	3677920	1
1894	0	3677920	1
1895	0	3677920	1
1896	0	3677920	1
1897	0	3677920	1
1898	0	336877	1
1899	0	336877	1
1900	0	336877	1
1901	0	336877	1
1902	0	336877	1
1903	0	6143553	1
1904	0	6143553	1
1905	0	6143553	1
1906	0	6143553	1
1907	0	6143553	1
1908	0	3926505	1
1909	0	3926505	1
1910	0	3926505	1
1911	0	3926505	1
1912	0	3926505	1
1913	0	1160402	1
1914	0	1160402	1
1915	0	1160402	1
1916	0	3926505	1
1917	0	3926505	1
1918	0	3926505	1
1919	0	3926505	1
1920	0	3926505	1
1921	0	3653292	1
1922	0	5718412	1
1923	0	5718412	1
1924	0	5718412	1
1925	0	5718412	1
1926	0	189328	1
1927	0	3917810	1
1928	0	3917810	1
1929	0	3917810	1
1930	0	3917810	1
1931	0	3917810	1
1932	0	3903160	1
1933	0	3903160	1
1934	0	3903160	1
1935	0	434083	1
1936	0	434083	1
1937	0	434083	1
1938	0	434083	1
1939	0	434083	1
1940	0	551509	1
1941	0	551509	1
1942	0	551509	1
1943	0	551509	1
1944	0	551509	1
1945	0	3910985	1
1946	0	3910985	1
1947	0	3910985	1
1948	0	3910985	1
1949	0	3910985	1
1950	0	11726086	1
1951	0	11726086	1
1952	0	11726086	1
1953	0	11726086	1
1954	0	11726086	1
1955	0	3906505	1
1956	0	3537788	1
1957	0	3671675	1
1958	0	3671675	1
1959	0	3671675	1
1960	0	3671675	1
1961	0	3671675	1
1962	0	11926477	1
1963	0	11926477	1
1964	0	11926477	1
1965	0	11926477	1
1966	0	11926477	1
1967	0	8290575	1
1968	0	8290575	1
1969	0	8290575	1
1970	0	8290575	1
1971	0	8290575	1
1972	0	11926477	1
1973	0	11926477	1
1974	0	11926477	1
1975	0	11926477	1
1976	0	11926477	1
1977	0	8293612	1
1978	0	8293612	1
1979	0	8293612	1
1980	0	8293612	1
1981	0	8293612	1
1982	0	3679065	1
1983	0	3679065	1
1984	0	3679065	1
1985	0	3679065	1
1986	0	3679065	1
1987	0	3646470	1
1988	0	3646470	1
1989	0	3646470	1
1990	0	3646470	1
1991	0	3646470	1
1992	0	3679065	1
1993	0	3679065	1
1994	0	3679065	1
1995	0	3679065	1
1996	0	3679065	1
1997	0	5645962	1
1998	0	5645962	1
1999	0	5645962	1
2000	0	5645962	1
2001	0	5645962	1
2002	0	8284771	1
2003	0	8284771	1
2004	0	8284771	1
2005	0	8284771	1
2006	0	8284771	1
2007	0	3668927	1
2008	0	3668927	1
2009	0	3668927	1
2010	0	3694651	1
2011	0	3694651	1
2012	0	3694651	1
2013	0	3366123	1
2014	0	3366123	1
2015	0	3366123	1
2016	0	3366123	1
2017	0	3366123	1
2018	0	3692764	1
2019	0	3692764	1
2020	0	3692764	1
2021	0	3692764	1
2022	0	3692764	1
2023	0	3668927	1
2024	0	3668927	1
2025	0	3668927	1
2026	0	3694884	1
2027	0	8298686	1
2028	0	8298686	1
2029	0	8298686	1
2030	0	8298686	1
2031	0	8289684	1
2032	0	8289684	1
2033	0	8289684	1
2034	0	8289684	1
2035	0	8289684	1
2036	0	3635768	1
2037	0	3635768	1
2038	0	3635768	1
2039	0	3635768	1
2040	0	3635768	1
2041	0	3671681	1
2042	0	3671681	1
2043	0	6141268	1
2044	0	6141268	1
2045	0	6141268	1
2046	0	3664215	1
2047	0	3664215	1
2048	0	3664215	1
2049	0	3664215	1
2050	0	3664215	1
2051	0	5646330	1
2052	0	5646330	1
2053	0	5646330	1
2054	0	5646330	1
2055	0	5646330	1
2056	0	3492116	1
2057	0	3492116	1
2058	0	3492116	1
2059	0	3560896	1
2060	0	3560896	1
2061	0	3560896	1
2062	0	6139305	1
2063	0	3560896	1
2064	0	3560896	1
2065	0	3560896	1
2066	0	3475563	1
2067	0	3475563	1
2068	0	3475563	1
2069	0	411277	1
2070	0	411277	1
2071	0	411277	1
2072	0	3523061	1
2073	0	3523061	1
2074	0	3523061	1
2075	0	3523061	1
2076	0	3523061	1
2077	0	1421282	1
2078	0	1421282	1
2079	0	1421282	1
2080	0	1421282	1
2081	0	1421282	1
2082	0	3425093	1
2083	0	3425093	1
2084	0	3425093	1
2085	0	3425093	1
2086	0	3425093	1
2087	0	3512246	1
2088	0	3451470	1
2089	0	3451470	1
2090	0	3451470	1
2091	0	3451470	1
2092	0	3451470	1
2093	0	3499305	1
2094	0	3499305	1
2095	0	3499305	1
2096	0	3499305	1
2097	0	3499305	1
2098	0	1522273	1
2099	0	1522273	1
2100	0	1522273	1
2101	0	1522273	1
2102	0	1522273	1
2103	0	4684	1
2104	0	4684	1
2105	0	4684	1
2106	0	4684	1
2107	0	4684	1
2108	0	3383291	1
2109	0	3383291	1
2110	0	3383291	1
2111	0	3383291	1
2112	0	3383291	1
2113	0	8781	1
2114	0	3426191	1
2115	0	3426191	1
2116	0	3426191	1
2117	0	3426191	1
2118	0	3426191	1
2119	0	3426191	1
2120	0	3426191	1
2121	0	3426191	1
2122	0	3426191	1
2123	0	3426191	1
2124	0	3426191	1
2125	0	3426191	1
2126	0	3426191	1
2127	0	3426191	1
2128	0	3426191	1
2129	0	3465740	1
2130	0	3465740	1
2131	0	3465740	1
2132	0	3409274	1
2133	0	5655150	1
2134	0	5655150	1
2135	0	5655150	1
2136	0	5655150	1
2137	0	5655150	1
2138	0	3451986	1
2139	0	3451986	1
2140	0	3451986	1
2141	0	3451986	1
2142	0	3451986	1
2143	0	3456058	1
2144	0	3456058	1
2145	0	3456058	1
2146	0	3456058	1
2147	0	3456058	1
2148	0	530388	1
2149	0	530388	1
2150	0	3463640	1
2151	0	5680026	1
2152	0	3365982	1
2153	0	3365982	1
2154	0	3365982	1
2155	0	3365982	1
2156	0	3365982	1
2157	0	1434769	1
2158	0	1434769	1
2159	0	1434769	1
2160	0	3328443	1
2161	0	3328443	1
2162	0	3328443	1
2163	0	3328443	1
2164	0	3328443	1
2165	0	3328443	1
2166	0	3328443	1
2167	0	3328443	1
2168	0	3328443	1
2169	0	3328443	1
2170	0	1446283	1
2171	0	1446283	1
2172	0	1439670	1
2173	0	1439670	1
2174	0	1439670	1
2175	0	1439670	1
2176	0	1439670	1
2177	0	1439670	1
2178	0	1439670	1
2179	0	1439670	1
2180	0	1439670	1
2181	0	1439670	1
2182	0	532338	1
2183	0	532338	1
2184	0	3304977	1
2185	0	3304977	1
2186	0	3304977	1
2187	0	3304977	1
2188	0	3304977	1
2189	0	530389	1
2190	0	530389	1
2191	0	530389	1
2192	0	530389	1
2193	0	530389	1
2194	0	3331448	1
2195	0	3350867	1
2196	0	1436182	1
2197	0	5647130	1
2198	0	3413288	1
2199	0	3474733	1
2200	0	1428700	1
2201	0	8300340	1
2202	0	5677488	1
2203	0	530398	1
2204	0	583705	1
2205	0	5648161	1
2206	0	3440481	1
2207	0	5653684	1
2208	0	3503887	1
2209	0	3470741	1
2210	0	3495496	1
2211	0	3483683	1
2212	0	3349643	1
2213	0	1134184	1
2214	0	3365295	1
2215	0	5647087	1
2216	0	1134192	1
2217	0	8300012	1
2218	0	3462978	1
2219	0	3394685	1
2220	0	683850	1
2221	0	3325053	1
2222	0	583674	1
2223	0	3381518	1
2224	0	3471802	1
2225	0	3453812	1
2226	0	3557776	1
2227	0	3550017	1
2228	0	1129220	1
2229	0	11293695	1
2230	0	8298994	1
2231	0	3591163	1
2232	0	3550379	1
2233	0	5700175	1
2234	0	3570149	1
2235	0	3552622	1
2236	0	8300105	1
2237	0	583773	1
2238	0	1429886	1
2239	0	1443475	1
2240	0	3432798	1
2241	0	3427401	1
2242	0	8295317	1
2243	0	3380671	1
2244	0	3641512	1
2245	0	5643443	1
2246	0	3658404	1
2247	0	8287876	1
2248	0	8288682	1
2249	0	8288600	1
2250	0	3537902	1
2251	0	1421295	1
2252	0	5620278	1
2253	0	3478206	1
2254	0	344982	1
2255	0	3671996	1
2256	0	8297296	1
2257	0	8297920	1
2258	0	3674024	1
2259	0	8293077	1
2260	0	3591778	1
2261	0	6136988	1
2262	0	3671862	1
2263	0	3672136	1
2264	0	6138608	1
2265	0	5647268	1
2266	0	8292063	1
2267	0	3601033	1
2268	0	11926312	1
2269	0	81190	1
2270	0	6141001	1
2271	0	3931800	1
2272	0	4662	1
2273	0	423294	1
2274	0	3633766	1
2275	0	1479327	1
2276	0	6137000	1
2277	0	3693209	1
2278	0	5705050	1
2279	0	6143146	1
2280	0	79869	1
2281	0	10688	1
2282	0	3672546	1
2283	0	1160791	1
2284	0	343106	1
2285	0	6138178	1
2286	0	3668939	1
2287	0	3639812	1
2288	0	3694685	1
2289	0	3677157	1
2290	0	8286648	1
2291	0	3925221	1
2292	0	1501281	1
2293	0	407800	1
2294	0	3600892	1
2295	0	1479243	1
2296	0	3930212	1
2297	0	1276207	1
2298	0	3658750	1
2299	0	3604660	1
2300	0	4696	1
2301	0	3380671	1
2302	0	8285070	1
2303	0	3692322	1
2304	0	5718249	1
2305	0	11925712	1
2306	0	429927	1
2307	0	6933116	1
2308	0	8288192	1
2309	0	6140312	1
2310	0	3902255	1
2311	0	3912574	1
2312	0	6139179	1
2313	0	10714	1
2314	0	6140217	1
2315	0	5705297	1
2316	0	186298	1
2317	0	1497917	1
2318	0	3683653	1
2319	0	3918503	1
2320	0	3902337	1
2321	0	6137955	1
2322	0	6931949	1
2323	0	6142883	1
2324	0	430061	1
2325	0	3662327	1
2326	0	374837	1
2327	0	3928908	1
2328	0	374621	1
2329	0	186432	1
2330	0	189322	1
2331	0	429835	1
2332	0	6140414	1
2333	0	3497573	1
2334	0	336720	1
2335	0	10861	1
2336	0	359090	1
2337	0	364222	1
2338	0	3477982	1
2339	0	1501261	1
2340	0	10805	1
2341	0	3910141	1
2342	0	6157402	1
2343	0	6142082	1
2344	0	3552186	1
2345	0	8292155	1
2346	0	11926358	1
2347	0	3394151	1
2348	0	5722568	1
2349	0	303844	1
2350	0	354222	1
2351	0	4702	1
2352	0	3597843	1
2353	0	1442088	1
2354	0	3916878	1
2355	0	10692	1
2356	0	3475911	1
2357	0	532366	1
2358	0	3463569	1
2359	0	407847	1
2360	0	189322	1
2361	0	8298584	1
2362	0	533636	1
2363	0	3365295	1
2364	0	8286164	1
2365	0	6143292	1
2366	0	3560641	1
2367	0	3930930	1
2368	0	11926001	1
2369	0	81130	1
2370	0	3547250	1
2371	0	374624	1
2372	0	3575004	1
2373	0	3925720	1
2374	0	1276141	1
2375	0	8291938	1
2376	0	6140480	1
2377	0	10805	1
2378	0	413905	1
2379	0	8297407	1
2380	0	362764	1
2381	0	3905523	1
2382	0	6142497	1
2383	0	6140371	1
2384	0	6933318	1
2385	0	5710521	1
2386	0	11340649	1
2387	0	3925927	1
2388	0	3692542	1
2389	0	3678325	1
2390	0	3664182	1
2391	0	1230090	1
2392	0	434278	1
2393	0	6143235	1
2394	0	6160660	1
2395	0	631880	1
2396	0	6156431	1
2397	0	6136660	1
2398	0	6136172	1
2399	0	6931761	1
2400	0	8292632	1
2401	0	362633	1
2402	0	1148114	1
2403	0	641290	1
2404	0	641129	1
2405	0	3946653	1
2406	0	3931800	1
2407	0	8288532	1
2408	0	377243	1
2409	0	374819	1
2410	0	3640823	1
2411	0	1148067	1
2412	0	3524149	1
2413	0	6141632	1
2414	0	6164227	1
2415	0	5718055	1
2416	0	6155952	1
2417	0	11301547	1
2418	0	6158629	1
2419	0	13140	1
2420	0	359113	1
2421	0	1229915	1
2422	0	407844	1
2423	0	6140345	1
2424	0	369841	1
2425	0	6142867	1
2426	0	3594488	1
2427	0	572677	1
2428	0	8745	1
2429	0	5725593	1
2430	0	6142765	1
2431	0	6930519	1
2432	0	6137190	1
2433	0	354160	1
2434	0	3649764	1
2435	0	3569015	1
2436	0	353745	1
2437	0	6140919	1
2438	0	6140104	1
2439	0	3660259	1
2440	0	3560279	1
2441	0	3651059	1
2442	0	8918	1
2443	0	12032017	1
2444	0	303901	1
2445	0	3691415	1
2446	0	6160806	1
2447	0	572361	1
2448	0	3394151	1
2449	0	8289692	1
2450	0	62421	1
2451	0	3943769	1
2452	0	6169050	1
2453	0	6141583	1
2454	0	1439675	1
2455	0	3929479	1
2456	0	11336525	1
2457	0	6164109	1
2458	0	6164109	1
2459	0	3393923	1
2460	0	1767266	1
2461	0	1785554	1
2462	0	6183638	1
2463	0	79689	1
2464	0	6167673	1
2465	0	1765589	1
2466	0	1525344	1
2467	0	6170590	1
2468	0	6157769	1
2469	0	6142051	1
2470	0	8288102	1
2471	0	6172057	1
2472	0	3674947	1
2473	0	6172717	1
2474	0	6163673	1
2475	0	359292	1
2476	0	6931491	1
2477	0	6166228	1
2478	0	365402	1
2479	0	8288600	1
2480	0	6142263	1
2481	0	6157293	1
2482	0	3939353	1
2483	0	1148067	1
2484	0	359298	1
2485	0	6171497	1
2486	0	6140061	1
2487	0	12033334	1
2488	0	6137218	1
2489	0	1134186	1
2490	0	6160256	1
2491	0	1765146	1
2492	0	1148067	1
2493	0	6161923	1
2494	0	6157819	1
2495	0	3563794	1
2496	0	1276131	1
2497	0	6141565	1
2498	0	372427	1
2499	0	11301350	1
2500	0	6168414	1
2501	0	6930877	1
2502	0	6139904	1
2503	0	354020	1
2504	0	6931894	1
2505	0	3570098	1
2506	0	6140399	1
2507	0	369577	1
2508	0	6142201	1
2509	0	374637	1
2510	0	530387	1
2511	0	1104817	1
2512	0	6158502	1
2513	0	6304008	1
2514	0	3516335	1
2515	0	1147989	1
2516	0	3633766	1
2517	0	3676391	1
2518	0	450732	1
2519	0	6169382	1
2520	0	3393967	1
2521	0	1522223	1
2522	0	374680	1
2523	0	3468705	1
2524	0	6161391	1
2525	0	81183	1
2526	0	6158437	1
2527	0	6169382	1
2528	0	1439675	1
2529	0	6163673	1
2530	0	3563870	1
2531	0	11337453	1
2532	0	6172443	1
2533	0	6156776	1
2534	0	364861	1
2535	0	6137871	1
2536	0	1765252	1
2537	0	631880	1
2538	0	372769	1
2539	0	429934	1
2540	0	3931640	1
2541	0	8844	1
2542	0	368108	1
2543	0	3943375	1
2544	0	6171764	1
2545	0	6181043	1
2546	0	6141776	1
2547	0	11343282	1
2548	0	1782829	1
2549	0	372884	1
2550	0	6166480	1
2551	0	6168221	1
2552	0	11318417	1
2553	0	11719962	1
2554	0	5722687	1
2555	0	1532068	1
2556	0	8298682	1
2557	0	186310	1
2558	0	6167093	1
2559	0	11328791	1
2560	0	3638799	1
2561	0	12027471	1
2562	0	4609	1
2563	0	9139108	1
2564	0	434009	1
2565	0	4702	1
2566	0	3408886	1
2567	0	6177671	1
2568	0	1484690	1
2569	0	11338826	1
2570	0	12050581	1
2571	0	6167673	1
2572	0	12054061	1
2573	0	6172124	1
2574	0	6158398	1
2575	0	6169888	1
2576	0	541399	1
2577	0	84435	1
2578	0	6184603	1
2579	0	6171208	1
2580	0	3471225	1
2581	0	8871	1
2582	0	362513	1
2583	0	1771759	1
2584	0	7010	1
2585	0	6172901	1
2586	0	11299275	1
2587	0	11723491	1
2588	0	11720000	1
2589	0	9640	1
2590	0	3509123	1
2591	0	6175868	1
2592	0	11958297	1
2593	0	11643517	1
2594	0	11338826	1
2595	0	6179245	1
2596	0	11313476	1
2597	0	12041831	1
2598	0	1785557	1
2599	0	6168412	1
2600	0	8292155	1
2601	0	11339152	1
2602	0	11735384	1
2603	0	1767501	1
2604	0	6179472	1
2605	0	1519506	1
2606	0	641449	1
2607	0	6166543	1
2608	0	3912574	1
2609	0	11336676	1
2610	0	10082	1
2611	0	1765589	1
2612	0	5722585	1
2613	0	12045986	1
2614	0	366911	1
2615	0	11722480	1
2616	0	2109	1
2617	0	6171974	1
2618	0	11643953	1
2619	0	1771825	1
2620	0	6172057	1
2621	0	6169499	1
2622	0	6178394	1
2623	0	1782792	1
2624	0	1498030	1
2625	0	6174583	1
2626	0	11300336	1
2627	0	3946942	1
2628	0	6171778	1
2629	0	6168796	1
2630	0	541651	1
2631	0	534523	1
2632	0	379234	1
2633	0	1771616	1
2634	0	4652	1
2635	0	11730899	1
2636	0	3651900	1
2637	0	9686	1
2638	0	6164608	1
2639	0	6176269	1
2640	0	1767758	1
2641	0	3676241	1
2642	0	3678104	1
2643	0	11717780	1
2644	0	303755	1
2645	0	10343	1
2646	0	301804	1
2647	0	12027544	1
2648	0	6182437	1
2649	0	11712525	1
2650	0	430003	1
2651	0	6182415	1
2652	0	6174577	1
2653	0	3684300	1
2654	0	1501248	1
2655	0	366877	1
2656	0	369864	1
2657	0	3557776	1
2658	0	6181034	1
2659	0	572499	1
2660	0	11712077	1
2661	0	6168801	1
2662	0	6169466	1
2663	0	541475	1
2664	0	11299296	1
2665	0	3939338	1
2666	0	6167951	1
2667	0	12034225	1
2668	0	6176087	1
2669	0	1765332	1
2670	0	11643788	1
2671	0	6176305	1
2672	0	6932733	1
2673	0	675102	1
2674	0	12047837	1
2675	0	6176113	1
2676	0	336731	1
2677	0	11333555	1
2678	0	6178699	1
2679	0	3427422	1
2680	0	12055070	1
2681	0	11714784	1
2682	0	6157698	1
2683	0	12054264	1
2684	0	9939	1
2685	0	6167192	1
2686	0	8871	1
2687	0	1771825	1
2688	0	366805	1
2689	0	6168587	1
2690	0	6164109	1
2691	0	11644249	1
2692	0	11715904	1
2693	0	1525098	1
2694	0	377022	1
2695	0	11712077	1
2696	0	6137179	1
2697	0	3672825	1
2698	0	6180737	1
2699	0	11331541	1
2700	0	6137701	1
2701	0	11712736	1
2702	0	1782863	1
2703	0	6175104	1
2704	0	379234	1
2705	0	6166404	1
2706	0	6182781	1
2707	0	11644378	1
2708	0	359292	1
2709	0	6176113	1
2710	0	6931991	1
2711	0	6490098	1
2712	0	11300336	1
2713	0	6139499	1
2714	0	6170914	1
2715	0	11339362	1
2716	0	8297932	1
2717	0	6158152	1
2718	0	6138008	1
2719	0	368146	1
2720	0	11333937	1
2721	0	1785558	1
2722	0	6167798	1
2723	0	3923348	1
2724	0	383930	1
2725	0	3583821	1
2726	0	11715874	1
2727	0	3650970	1
2728	0	3672988	1
2729	0	6168882	1
2730	0	11712331	1
2731	0	12027402	1
2732	0	6530	1
2733	0	11320219	1
2734	0	1285808	1
2735	0	9062	1
2736	0	6157471	1
2737	0	10688	1
2738	0	1512570	1
2739	0	1866	1
2740	0	3652963	1
2741	0	11341177	1
2742	0	4645	1
2743	0	1782791	1
2744	0	6186434	1
2745	0	9139108	1
2746	0	11307633	1
2747	0	364156	1
2748	0	11299308	1
2749	0	1148288	1
2750	0	6156456	1
2751	0	1532189	1
2752	0	6172571	1
2753	0	429902	1
2754	0	636531	1
2755	0	6196077	1
2756	0	6141371	1
2757	0	6177021	1
2758	0	1512327	1
2759	0	1777870	1
2760	0	572609	1
2761	0	6156993	1
2762	0	302017	1
2763	0	6178097	1
2764	0	186367	1
2765	0	6168705	1
2766	0	383913	1
2767	0	6190216	1
2768	0	450732	1
2769	0	6195530	1
2770	0	6189226	1
2771	0	6188408	1
2772	0	8150	1
2773	0	6179579	1
2774	0	11715506	1
2775	0	10134	1
2776	0	6161306	1
2777	0	6175705	1
2778	0	6177464	1
2779	0	6188224	1
2780	0	6180624	1
2781	0	11722480	1
2782	0	11337097	1
2783	0	1777622	1
2784	0	6176237	1
2785	0	372534	1
2786	0	11644378	1
2787	0	6160382	1
2788	0	6200055	1
2789	0	6190625	1
2790	0	84534	1
2791	0	6176900	1
2792	0	6166543	1
2793	0	11338405	1
2794	0	3917196	1
2795	0	11304469	1
2796	0	6170039	1
2797	0	1105092	1
2798	0	12026680	1
2799	0	11716456	1
2800	0	11643271	1
2801	0	7195	1
2802	0	3677126	1
2803	0	11722480	1
2804	0	1563	1
2805	0	6172443	1
2806	0	6171069	1
2807	0	11334767	1
2808	0	6173012	1
2809	0	5677624	1
2810	0	11712923	1
2811	0	1313882	1
2812	0	6207800	1
2813	0	6173845	1
2814	0	1787609	1
2815	0	6175151	1
2816	0	11341724	1
2817	0	362783	1
2818	0	12122675	1
2819	0	6437999	1
2820	0	6186525	1
2821	0	6186434	1
2822	0	6175607	1
2823	0	11299864	1
2824	0	11304469	1
2825	0	12027206	1
2826	0	1421263	1
2827	0	411261	1
2828	0	6452314	1
2829	0	6138075	1
2830	0	9045	1
2831	0	1780023	1
2832	0	6178611	1
2833	0	3917196	1
2834	0	12031975	1
2835	0	6171007	1
2836	0	450790	1
2837	0	11343371	1
2838	0	6158602	1
2839	0	6182222	1
2840	0	6172687	1
2841	0	11301409	1
2842	0	12125217	1
2843	0	6193671	1
2844	0	341518	1
2845	0	302088	1
2846	0	3591778	1
2847	0	6181446	1
2848	0	1175242	1
2849	0	6178587	1
2850	0	302055	1
2851	0	11643989	1
2852	0	3533543	1
2853	0	11299646	1
2854	0	6186565	1
2855	0	6220747	1
2856	0	8873	1
2857	0	6186723	1
2858	0	1532023	1
2859	0	6192549	1
2860	0	6166084	1
2861	0	6183444	1
2862	0	1670	1
2863	0	11337533	1
2864	0	6205709	1
2865	0	304209	1
2866	0	1498036	1
2867	0	6182475	1
2868	0	6140210	1
2869	0	6190006	1
2870	0	6208851	1
2871	0	6174416	1
2872	0	6166804	1
2873	0	11716682	1
2874	0	7120	1
2875	0	6159625	1
2876	0	1486355	1
2877	0	6137845	1
2878	0	3688905	1
2879	0	11721902	1
2880	0	3564613	1
2881	0	11730244	1
2882	0	6180471	1
2883	0	1785548	1
2884	0	12126861	1
2885	0	6174512	1
2886	0	11342234	1
2887	0	9475	1
2888	0	6197834	1
2889	0	6185876	1
2890	0	6174831	1
2891	0	6207185	1
2892	0	1502999	1
2893	0	11301547	1
2894	0	6157001	1
2895	0	6172124	1
2896	0	11712077	1
2897	0	6155867	1
2898	0	6191413	1
2899	0	6215700	1
2900	0	13118	1
2901	0	6180812	1
2902	0	3305738	1
2903	0	11716057	1
2904	0	6178082	1
2905	0	6164126	1
2906	0	6156832	1
2907	0	636563	1
2908	0	6138344	1
2909	0	541055	1
2910	0	2558	1
2911	0	10692	1
2912	0	3620143	1
2913	0	6192095	1
2914	0	6140930	1
2915	0	11299390	1
2916	0	11728831	1
2917	0	353818	1
2918	0	6193489	1
2919	0	3425817	1
2920	0	6188858	1
2921	0	369864	1
2922	0	6177676	1
2923	0	6171860	1
2924	0	12050581	1
2925	0	6160607	1
2926	0	6136336	1
2927	0	364461	1
2928	0	3649820	1
2929	0	434002	1
2930	0	6203160	1
2931	0	369864	1
2932	0	362764	1
2933	0	11298624	1
2934	0	3691882	1
2935	0	1782797	1
2936	0	6198928	1
2937	0	6186066	1
2938	0	359298	1
2939	0	6208971	1
2940	0	3304759	1
2941	0	6200057	1
2942	0	3942710	1
2943	0	302169	1
2944	0	336757	1
2945	0	3912141	1
2946	0	11306989	1
2947	0	6170284	1
2948	0	1175301	1
2949	0	6202676	1
2950	0	1564137	1
2951	0	6228362	1
2952	0	11332526	1
2953	0	6198853	1
2954	0	6220774	1
2955	0	1147362	1
2956	0	6220451	1
2957	0	3923972	1
2958	0	1777845	1
2959	0	39205	1
2960	0	7354	1
2961	0	6207741	1
2962	0	414095	1
2963	0	605535	1
2964	0	6212935	1
2965	0	6209106	1
2966	0	12122336	1
2967	0	6220451	1
2968	0	11341302	1
2969	0	8297865	1
2970	0	6186076	1
2971	0	6222790	1
2972	0	599703	1
2973	0	8513	1
2974	0	1421263	1
2975	0	5721976	1
2976	0	11329864	1
2977	0	6177727	1
2978	0	6211254	1
2979	0	6168799	1
2980	0	1519506	1
2981	0	6218442	1
2982	0	11298818	1
2983	0	6182103	1
2984	0	1769229	1
2985	0	362813	1
2986	0	6137080	1
2987	0	6170365	1
2988	0	6173878	1
2989	0	633749	1
2990	0	6220380	1
2991	0	6191192	1
2992	0	6217100	1
2993	0	11340955	1
2994	0	1767543	1
2995	0	1524757	1
2996	0	3579432	1
2997	0	11652680	1
2998	0	6186066	1
2999	0	6217840	1
3000	0	11714490	1
3001	0	4909	1
3002	0	1775217	1
3003	0	6178614	1
3004	0	641097	1
3005	0	6174416	1
3006	0	6214891	1
3007	0	636702	1
3008	0	6228877	1
3009	0	6142921	1
3010	0	3917076	1
3011	0	1774710	1
3012	0	1493881	1
3013	0	3374242	1
3014	0	11715247	1
3015	0	12031796	1
3016	0	11299798	1
3017	0	11723248	1
3018	0	6156607	1
3019	0	9468	1
3020	0	12026875	1
3021	0	10798	1
3022	0	640823	1
3023	0	450732	1
3024	0	6188863	1
3025	0	6225374	1
3026	0	11912	1
3027	0	11651295	1
3028	0	1524757	1
3029	0	1490308	1
3030	0	6157471	1
3031	0	189324	1
3032	0	8297270	1
3033	0	6191045	1
3034	0	631845	1
3035	0	3678425	1
3036	0	1519562	1
3037	0	636616	1
3038	0	6204802	1
3039	0	3678835	1
3040	0	605535	1
3041	0	11745985	1
3042	0	5643926	1
3043	0	5726882	1
3044	0	5088	1
3045	0	11746454	1
3046	0	6220346	1
3047	0	6181278	1
3048	0	377288	1
3049	0	11305036	1
3050	0	6140539	1
3051	0	548146	1
3052	0	6184186	1
3053	0	8299056	1
3054	0	3679988	1
3055	0	11300807	1
3056	0	11745985	1
3057	0	1147821	1
3058	0	6220747	1
3059	0	6178158	1
3060	0	6220451	1
3061	0	1976	1
3062	0	3917661	1
3063	0	12197	1
3064	0	11959006	1
3065	0	633773	1
3066	0	1131192	1
3067	0	3945648	1
3068	0	11925032	1
3069	0	1775136	1
3070	0	1563963	1
3071	0	1330581	1
3072	0	6179449	1
3073	0	6185662	1
3074	0	11729208	1
3075	0	5717850	1
3076	0	3612841	1
3077	0	6177464	1
3078	0	1107758	1
3079	0	5647311	1
3080	0	354020	1
3081	0	11738091	1
3082	0	8162	1
3083	0	6206353	1
3084	0	1493881	1
3085	0	11722895	1
3086	0	6188632	1
3087	0	6183794	1
3088	0	11730496	1
3089	0	6206324	1
3090	0	11334479	1
3091	0	6214785	1
3092	0	6195895	1
3093	0	1494660	1
3094	0	6159625	1
3095	0	6197141	1
3096	0	12032996	1
3097	0	6234399	1
3098	0	1436186	1
3099	0	1512350	1
3100	0	11744942	1
3101	0	354160	1
3102	0	6168175	1
3103	0	6166407	1
3104	0	1777878	1
3105	0	11729384	1
3106	0	6143764	1
3107	0	11653538	1
3108	0	3394151	1
3109	0	8298318	1
3110	0	6189237	1
3111	0	1782791	1
3112	0	11307684	1
3113	0	6219216	1
3114	0	1248251	1
3115	0	6203718	1
3116	0	6194865	1
3117	0	11330063	1
3118	0	12047240	1
3119	0	1421277	1
3120	0	6222614	1
3121	0	633773	1
3122	0	12126711	1
3123	0	6160026	1
3124	0	1498196	1
3125	0	6180644	1
3126	0	8665	1
3127	0	8288600	1
3128	0	6185830	1
3129	0	12124816	1
3130	0	3458315	1
3131	0	5727771	1
3132	0	6212950	1
3133	0	6140061	1
3134	0	1730168	1
3135	0	11503813	1
3136	0	6140418	1
3137	0	6172683	1
3138	0	6183213	1
3139	0	9476074	1
3140	0	323202	1
3141	0	6204802	1
3142	0	1340237	1
3143	0	359292	1
3144	0	11746268	1
3145	0	1787584	1
3146	0	9566	1
3147	0	11307464	1
3148	0	6204502	1
3149	0	6188858	1
3150	0	3922967	1
3151	0	9190853	1
3152	0	1248131	1
3153	0	12046794	1
3154	0	11747615	1
3155	0	324733	1
3156	0	11343282	1
3157	0	6141481	1
3158	0	39795	1
3159	0	6168284	1
3160	0	916145	1
3161	0	6204502	1
3162	0	9313494	1
3163	0	6177768	1
3164	0	12026492	1
3165	0	6931991	1
3166	0	4674	1
3167	0	4702	1
3168	0	6208157	1
3169	0	3599666	1
3170	0	8181	1
3171	0	6139653	1
3172	0	6181447	1
3173	0	6930926	1
3174	0	362770	1
3175	0	12052564	1
3176	0	11650897	1
3177	0	6310	1
3178	0	6199687	1
3179	0	11789	1
3180	0	1340390	1
3181	0	1765361	1
3182	0	1481136	1
3183	0	641097	1
3184	0	11721589	1
3185	0	11298408	1
3186	0	6140777	1
3187	0	11595292	1
3188	0	1481129	1
3189	0	11337057	1
3190	0	6199442	1
3191	0	1782797	1
3192	0	6193045	1
3193	0	11747361	1
3194	0	9313455	1
3195	0	6161476	1
3196	0	6218939	1
3197	0	8758	1
3198	0	9509184	1
3199	0	541307	1
3200	0	5860439	1
3201	0	6168076	1
3202	0	6142636	1
3203	0	1730076	1
3204	0	11959884	1
3205	0	1780341	1
3206	0	11306266	1
3207	0	11336091	1
3208	0	600957	1
3209	0	12026708	1
3210	0	6164032	1
3211	0	6205709	1
3212	0	230419	1
3213	0	6198928	1
3214	0	6172406	1
3215	0	11728086	1
3216	0	9191165	1
3217	0	1339445	1
3218	0	11299326	1
3219	0	1339057	1
3220	0	1248042	1
3221	0	5925862	1
3222	0	3680880	1
3223	0	6208149	1
3224	0	11596027	1
3225	0	11133135	1
3226	0	28203	1
3227	0	11715586	1
3228	0	1775137	1
3229	0	6168418	1
3230	0	6190572	1
3231	0	374624	1
3232	0	6216237	1
3233	0	3574134	1
3234	0	1108302	1
3235	0	11320219	1
3236	0	6140183	1
3237	0	11470644	1
3238	0	6136519	1
3239	0	6190607	1
3240	0	6177884	1
3241	0	916123	1
3242	0	11299864	1
3243	0	6139453	1
3244	0	12026621	1
3245	0	9313109	1
3246	0	6230640	1
3247	0	11300336	1
3248	0	5947683	1
3249	0	1481163	1
3250	0	11181745	1
3251	0	8897431	1
3252	0	9476268	1
3253	0	3670955	1
3254	0	6221734	1
3255	0	6201448	1
3256	0	8209271	1
3257	0	1313718	1
3258	0	1254855	1
3259	0	3679152	1
3260	0	9508888	1
3261	0	11341177	1
3262	0	9413911	1
3263	0	354073	1
3264	0	9505769	1
3265	0	3679559	1
3266	0	6193045	1
3267	0	1229682	1
3268	0	368268	1
3269	0	333771	1
3270	0	3556136	1
3271	0	1563822	1
3272	0	10117	1
3273	0	12697041	1
3274	0	366586	1
3275	0	12027510	1
3276	0	572420	1
3277	0	6183992	1
3278	0	8665	1
3279	0	1767626	1
3280	0	3436246	1
3281	0	2525260	1
3282	0	11076321	1
3283	0	3573048	1
3284	0	6180580	1
3285	0	6202378	1
3286	0	2525260	1
3287	0	11652586	1
3288	0	3929479	1
3289	0	379750	1
3290	0	13322	1
3291	0	3689291	1
3292	0	11183137	1
3293	0	8292632	1
3294	0	6216237	1
3295	0	11298910	1
3296	0	11330255	1
3297	0	12045236	1
3298	0	1339557	1
3299	0	3612373	1
3300	0	9108127	1
3301	0	3059	1
3302	0	6181462	1
3303	0	3275967	1
3304	0	6166407	1
3305	0	11133554	1
3306	0	3916497	1
3307	0	604915	1
3308	0	3653713	1
3309	0	1107767	1
3310	0	28199	1
3311	0	3275413	1
3312	0	1531959	1
3313	0	6209106	1
3314	0	3929479	1
3315	0	6216102	1
3316	0	1775126	1
3317	0	8898384	1
3318	0	3580407	1
3319	0	3679175	1
3320	0	3275706	1
3321	0	12050959	1
3322	0	3655212	1
3323	0	6177204	1
3324	0	1782877	1
3325	0	6165750	1
3326	0	9505666	1
