0	1254843
1	1254843
7	8897054
8	8897054
9	8897054
10	8897054
11	8897054
17	6206467
18	6206467
19	6206467
20	6206467
21	6206467
27	9313023
28	9313023
29	9313023
30	9313023
31	9313023
37	11719655
38	11719655
39	11719655
40	11719655
41	11719655
47	451231
48	451231
49	451231
50	451231
51	451231
57	3656614
58	3656614
59	3656614
60	3656614
61	3656614
67	6211561
68	6211561
69	6211561
75	6215448
76	6215448
77	6215448
78	6215448
79	6215448
85	1787607
86	1787607
87	1787607
88	1787607
89	1787607
95	6204722
96	6204722
97	6204722
98	6204722
99	6204722
105	6214810
106	6214810
107	6214810
108	6214810
109	6214810
125	678699
126	678699
127	678699
128	678699
129	678699
135	189376
136	189376
137	189376
138	189376
144	6178289
145	6178289
146	6178289
147	6178289
148	6178289
154	541334
155	541334
156	541334
157	541334
158	541334
164	6166693
165	6166693
166	6166693
167	6166693
168	6166693
174	468279
175	468279
176	468279
177	468279
178	468279
184	6154176
185	6154176
186	6154176
187	6154176
188	6154176
194	6200100
200	605295
201	605295
202	605295
203	605295
204	605295
210	6167411
211	6167411
212	6167411
213	6167411
214	6167411
220	6172250
221	6172250
222	6172250
223	6172250
224	6172250
230	8287190
231	8287190
232	8287190
233	8287190
234	8287190
240	11729477
241	11729477
242	11729477
243	11729477
244	11729477
250	6210086
251	6210086
252	6210086
253	6210086
254	6210086
260	6217947
261	6217947
262	6217947
263	6217947
264	6217947
270	6931942
271	6931942
272	6931942
278	3906798
279	3906798
280	3906798
281	3906798
282	3906798
288	6181341
289	6181341
290	6181341
291	6181341
292	6181341
297	1765474
298	1765474
299	1765474
300	1765474
301	1765474
307	12915
308	12915
309	12915
310	12915
311	12915
317	6189391
318	6189391
319	6189391
320	6189391
321	6189391
327	6183430
328	6183430
329	6183430
330	6183430
331	6183430
337	1532109
338	1532109
339	1532109
340	1532109
341	1532109
347	1765582
348	1765582
349	1765582
350	1765582
351	1765582
357	5678343
360	605301
361	605301
362	605301
363	605301
364	605301
370	6216766
371	6216766
372	6216766
373	6216766
374	6216766
380	3599681
381	3599681
382	3599681
383	3599681
384	3599681
390	3499903
391	3499903
392	3499903
393	3499903
394	3499903
400	8289427
401	8289427
402	8289427
408	1772134
409	1772134
415	12041690
416	12041690
417	12041690
418	12041690
419	12041690
425	6931436
426	6931436
427	6931436
428	6931436
429	6931436
435	84368
436	84368
437	84368
438	84368
439	84368
445	304244
446	304244
447	304244
448	304244
449	304244
455	3931157
456	3931157
457	3931157
458	3931157
459	3931157
465	3583743
466	3583743
467	3583743
468	3583743
469	3583743
475	3463590
476	3463590
482	1771589
483	1771589
484	1771589
485	1771589
486	1771589
497	6166693
498	6166693
499	6166693
500	6166693
501	6166693
507	1524661
508	1524661
509	1524661
510	1524661
511	1524661
517	6188807
518	6188807
519	6188807
520	6188807
521	6188807
527	6183325
528	6183325
529	6183325
530	6183325
531	6183325
542	364913
543	364913
544	364913
545	364913
546	364913
557	3468334
558	3468334
559	3468334
560	3468334
561	3468334
567	3516839
568	3516839
569	3516839
570	3516839
571	3516839
577	468276
578	468276
579	468276
580	468276
581	468276
587	11317375
588	11317375
589	11317375
590	11317375
591	11317375
597	6165107
598	6165107
599	6165107
600	6165107
601	6165107
607	8289541
608	8289541
609	8289541
610	8289541
611	8289541
617	11722820
618	11722820
619	11722820
620	11722820
621	11722820
623	11925862
624	11925862
625	11925862
626	11925862
627	11925862
633	3658647
634	3658647
635	3658647
636	3658647
637	3658647
643	6163485
644	6163485
645	6163485
646	6163485
647	6163485
653	5701158
654	5701158
655	5701158
656	5701158
657	5701158
663	6169915
664	6169915
665	6169915
666	6169915
667	6169915
673	6159871
674	6159871
675	6159871
676	6159871
677	6159871
683	3942430
684	3942430
685	3942430
686	3942430
687	3942430
693	353664
694	353664
695	353664
696	353664
697	353664
703	6137691
704	6137691
705	6137691
706	6137691
707	6137691
713	6165001
714	6165001
715	6165001
716	6165001
717	6165001
723	11643636
724	11643636
725	11643636
726	11643636
727	11643636
733	6932011
734	6932011
735	6932011
736	6932011
737	6932011
743	6168585
744	6168585
745	6168585
746	6168585
747	6168585
753	11715808
754	11715808
755	11715808
756	11715808
757	11715808
759	3383405
760	3383405
761	3383405
762	3383405
763	3383405
769	6160543
770	6160543
771	6160543
772	6160543
773	6160543
779	6159838
780	6159838
781	6159838
782	6159838
783	6159838
789	11733438
790	11733438
791	11733438
792	11733438
793	11733438
799	1767776
800	1767776
801	1767776
802	1767776
803	1767776
809	3939849
810	3939849
811	3939849
812	3939849
813	3939849
819	1134198
820	1134198
821	1134198
822	1134198
823	1134198
829	6168633
830	6168633
831	6168633
832	6168633
833	6168633
839	368211
840	368211
841	368211
842	368211
843	368211
849	6167820
850	6167820
851	6167820
852	6167820
853	6167820
857	5677996
858	5677996
859	5677996
860	5677996
861	5677996
867	6177874
868	6177874
869	6177874
870	6177874
871	6177874
877	6158690
878	6158690
879	6158690
880	6158690
881	6158690
887	3903210
888	3903210
889	3903210
890	3903210
891	3903210
897	6171859
898	6171859
899	6171859
900	6171859
901	6171859
907	3904778
908	3904778
909	3904778
910	3904778
911	3904778
917	359158
918	359158
919	359158
920	359158
921	359158
927	3929002
928	3929002
929	3929002
930	3929002
931	3929002
937	1148061
938	1148061
939	1148061
940	1148061
941	1148061
947	6166312
948	6166312
949	6166312
950	6166312
951	6166312
957	6136730
958	6136730
959	6136730
960	6136730
961	6136730
967	6164332
968	6164332
969	6164332
970	6164332
971	6164332
977	6166651
978	6166651
979	6166651
980	6166651
981	6166651
987	8299708
988	8299708
989	8299708
990	8299708
991	8299708
1000	3599681
1001	3599681
1002	3599681
1003	3599681
1004	3599681
1010	6140617
1011	6140617
1012	6140617
1013	6140617
1014	6140617
1020	81088
1021	81088
1022	81088
1023	81088
1024	81088
1030	362582
1031	362582
1032	362582
1033	362582
1034	362582
1040	6157337
1041	6157337
1042	6157337
1043	6157337
1044	6157337
1050	8290208
1051	8290208
1052	8290208
1053	8290208
1054	8290208
1060	362379
1061	362379
1062	362379
1063	362379
1064	362379
1069	6158919
1070	6158919
1071	6158919
1072	6158919
1073	6158919
1079	6160420
1080	6160420
1081	6160420
1082	6160420
1083	6160420
1089	6166360
1090	6166360
1091	6166360
1092	6166360
1093	6166360
1096	5704466
1097	5704466
1098	5704466
1099	5704466
1100	5704466
1106	11299429
1107	11299429
1108	11299429
1109	11299429
1110	11299429
1116	6931675
1117	6931675
1118	6931675
1119	6931675
1120	6931675
1125	372505
1126	372505
1127	372505
1128	372505
1129	372505
1135	3933606
1136	3933606
1137	3933606
1138	3933606
1139	3933606
1145	6161224
1146	6161224
1147	6161224
1148	6161224
1149	6161224
1155	6166003
1156	6166003
1157	6166003
1158	6166003
1159	6166003
1165	368290
1166	368290
1167	368290
1168	368290
1169	368290
1175	3903035
1176	3903035
1177	3903035
1178	3903035
1179	3903035
1185	640821
1186	640821
1187	640821
1188	640821
1189	640821
1195	1285830
1196	1285830
1197	1285830
1198	1285830
1199	1285830
1205	341446
1206	341446
1207	341446
1208	341446
1209	341446
1215	6140033
1216	6140033
1217	6140033
1218	6140033
1219	6140033
1225	6163569
1226	6163569
1227	6163569
1228	6163569
1229	6163569
1235	6162154
1236	6162154
1237	6162154
1238	6162154
1239	6162154
1245	3630982
1246	3630982
1247	3630982
1248	3630982
1249	3630982
1255	6166312
1256	6166312
1257	6166312
1258	6166312
1259	6166312
1265	362716
1266	362716
1267	362716
1268	362716
1269	362716
1275	6163994
1276	6163994
1277	6163994
1278	6163994
1279	6163994
1285	6930835
1286	6930835
1287	6930835
1288	6930835
1289	6930835
1295	365087
1296	365087
1297	365087
1298	365087
1299	365087
1305	11926611
1306	11926611
1307	11926611
1308	11926611
1309	11926611
1315	3498470
1316	3498470
1317	3498470
1318	3498470
1319	3498470
1322	6144433
1323	6144433
1324	6144433
1325	6144433
1326	6144433
1332	5718167
1333	5718167
1334	5718167
1335	5718167
1336	5718167
1342	377174
1343	377174
1344	377174
1345	377174
1346	377174
1352	362663
1353	362663
1354	362663
1355	362663
1356	362663
1362	11300626
1363	11300626
1364	11300626
1365	11300626
1366	11300626
1372	343165
1373	343165
1374	343165
1375	343165
1376	343165
1382	368158
1383	368158
1384	368158
1385	368158
1386	368158
1392	11299337
1393	11299337
1394	11299337
1395	11299337
1396	11299337
1402	11300626
1403	11300626
1404	11300626
1405	11300626
1406	11300626
1412	6931824
1413	6931824
1414	6931824
1415	6931824
1416	6931824
1422	414131
1423	414131
1424	414131
1425	414131
1426	414131
1432	3949489
1433	3949489
1434	3949489
1435	3949489
1436	3949489
1442	8777
1443	8777
1444	8777
1445	8777
1446	8777
1452	1105266
1454	8288734
1455	8288734
1456	8288734
1457	8288734
1458	8288734
1464	3915622
1465	3915622
1466	3915622
1467	3915622
1468	3915622
1474	8286632
1475	8286632
1476	8286632
1477	8286632
1478	8286632
1484	3646827
1485	3646827
1486	3646827
1487	3646827
1488	3646827
1494	1499406
1495	1499406
1496	1499406
1497	1499406
1498	1499406
1504	3414183
1505	3414183
1506	3414183
1507	3414183
1508	3414183
1514	6159022
1515	6159022
1516	6159022
1517	6159022
1518	6159022
1524	3916250
1525	3916250
1526	3916250
1527	3916250
1528	3916250
1534	377142
1535	377142
1536	377142
1537	377142
1538	377142
1544	8285078
1545	8285078
1546	8285078
1547	8285078
1548	8285078
1554	3642626
1555	3642626
1556	3642626
1557	3642626
1558	3642626
1564	5720689
1565	5720689
1566	5720689
1567	5720689
1568	5720689
1575	3674303
1576	3674303
1577	3674303
1578	3674303
1579	3674303
1585	11725442
1586	11725442
1587	11725442
1588	11725442
1589	11725442
1595	11341575
1596	11341575
1597	11341575
1598	11341575
1599	11341575
1601	434270
1602	434270
1603	434270
1604	434270
1605	434270
1606	434121
1607	434121
1608	434121
1609	434121
1610	434121
1616	3906090
1617	3906090
1618	3906090
1619	3906090
1620	3906090
1626	3914451
1627	3914451
1628	3914451
1629	3914451
1630	3914451
1636	3902786
1637	3902786
1638	3902786
1639	3902786
1640	3902786
1642	8289237
1643	8289237
1644	8289237
1645	8289237
1646	8289237
1652	333898
1653	333898
1654	333898
1655	333898
1656	333898
1657	3445849
1658	3445849
1659	3445849
1660	3445849
1661	3445849
1667	3907637
1668	3907637
1669	3907637
1670	3907637
1671	3907637
1675	368295
1676	368295
1677	368295
1678	368295
1679	368295
1680	6142260
1681	6142260
1682	6142260
1683	6142260
1684	6142260
1685	6140479
1686	6140479
1687	6140479
1688	6140479
1689	6140479
1691	1501244
1692	1501244
1693	1501244
1694	1501244
1699	5717781
1700	5717781
1701	5717781
1702	5717781
1703	5717781
1709	344922
1710	344922
1711	344922
1712	344922
1713	344922
1719	1486115
1720	1486115
1721	1486115
1722	1486115
1723	1486115
1727	3902629
1728	3902629
1729	3902629
1730	3902629
1731	3902629
1737	6136936
1738	6136936
1739	6136936
1740	6136936
1741	6136936
1747	3344630
1748	3344630
1749	3344630
1750	3344630
1751	3344630
1757	1484712
1758	1484712
1759	1484712
1760	1484712
1761	1484712
1767	3902647
1768	3902647
1769	3902647
1770	3902647
1771	3902647
1777	341585
1778	341585
1779	341585
1780	341585
1781	341585
1783	11727460
1784	11727460
1785	11727460
1786	11727460
1787	11727460
1793	1484699
1794	1484699
1795	1484699
1796	1484699
1797	1484699
1803	5724172
1804	5724172
1805	5724172
1806	5724172
1807	5724172
1810	5723730
1811	5723730
1812	5723730
1813	5723730
1814	5723730
1820	3626047
1821	3626047
1822	3626047
1823	3626047
1824	3626047
1830	5721828
1836	3412793
1837	3412793
1838	3412793
1839	3412793
1840	3412793
1846	13162
1847	13162
1848	13162
1851	189376
1852	189376
1858	11339780
1859	11339780
1860	11339780
1861	11339780
1862	11339780
1868	102735
1869	102735
1870	102735
1871	102735
1872	102735
1878	1175059
1879	1175059
1880	1175059
1881	1175059
1882	1175059
1888	3677920
1889	3677920
1890	3677920
1891	3677920
1892	3677920
1898	6143553
1899	6143553
1900	6143553
1901	6143553
1902	6143553
1908	1160402
1909	1160402
1910	1160402
1911	1160402
1912	1160402
1916	3653292
1917	3653292
1918	3653292
1919	3653292
1920	3653292
1922	189328
1923	189328
1924	189328
1925	189328
1927	3903160
1928	3903160
1929	3903160
1930	3903160
1931	3903160
1935	551509
1936	551509
1937	551509
1938	551509
1939	551509
1945	11726086
1946	11726086
1947	11726086
1948	11726086
1949	11726086
1955	3537788
1962	8290575
1963	8290575
1964	8290575
1965	8290575
1966	8290575
1972	8293612
1973	8293612
1974	8293612
1975	8293612
1976	8293612
1982	3646470
1983	3646470
1984	3646470
1985	3646470
1986	3646470
1992	5645962
1993	5645962
1994	5645962
1995	5645962
1996	5645962
2002	3668927
2003	3668927
2004	3668927
2005	3668927
2006	3668927
2010	3366123
2011	3366123
2012	3366123
2018	3668927
2019	3668927
2020	3668927
2021	3668927
2022	3668927
2026	8298686
2031	3635768
2032	3635768
2033	3635768
2034	3635768
2035	3635768
2041	6141268
2042	6141268
2046	5646330
2047	5646330
2048	5646330
2049	5646330
2050	5646330
2059	6139305
2060	6139305
2061	6139305
2063	3475563
2064	3475563
2065	3475563
2072	1421282
2073	1421282
2074	1421282
2075	1421282
2076	1421282
2087	3451470
2093	3483531
2094	3483531
2095	3483531
2096	3483531
2097	3483531
2098	11729899
2099	11729899
2100	11729899
2101	11729899
2102	11729899
2103	8769
2104	8769
2105	8769
2106	8769
2107	8769
2108	8781
2109	8781
2110	8781
2111	8781
2112	8781
2114	3413124
2115	3413124
2116	3413124
2117	3413124
2118	3413124
2119	3470704
2120	3470704
2121	3470704
2122	3470704
2123	3470704
2124	3465740
2125	3465740
2126	3465740
2127	3465740
2128	3465740
2132	411253
2133	3443990
2134	3443990
2135	3443990
2136	3443990
2137	3443990
2138	683886
2139	683886
2140	683886
2141	683886
2142	683886
2143	530388
2144	530388
2145	530388
2146	530388
2147	530388
2150	3350919
2151	3317281
2152	1434769
2153	1434769
2154	1434769
2155	1434769
2156	1434769
2160	3334337
2161	3334337
2162	3334337
2163	3334337
2164	3334337
2165	1446283
2166	1446283
2167	1446283
2168	1446283
2169	1446283
2172	11336583
2173	11336583
2174	11336583
2175	11336583
2176	11336583
2177	532338
2178	532338
2179	532338
2180	532338
2181	532338
2184	11738167
2185	11738167
2186	11738167
2187	11738167
2188	11738167
2189	639393
2190	639393
2191	639393
2192	639393
2193	639393
