overruling_name,overruling_year,overruling_cite,overruled_name,overruled_year,overruled_cite,partial,a_id,a_date,b_id,b_date
Alleyne v. United States,2013,570 U.S. 99,Harris v. United States,2002,536 U.S. 545,0,1254843,2002-06-24,12699057,2013-06-17
Citizens United v. Federal Election Commission,2010,558 U.S. 310,McConnell v. Federal Election Commission,2003,540 U.S. 93,0,8897054,2003-12-10,3639027,2010-01-21
Montejo v. Louisiana,2009,556 U.S. 778,Michigan v. Jackson,1986,475 U.S. 625,0,6206467,1986-04-01,3653776,2009-05-26
Pearson v. Callahan,2009,555 U.S. 223,Saucier v. Katz,2001,533 U.S. 194,0,9313023,2001-06-18,3679212,2009-01-21
Bowles v. Russell,2007,551 U.S. 205,Thompson v. Immigration & Naturalization Service,1964,375 U.S. 384,0,11719655,1964-01-06,3573311,2007-06-14
Bowles v. Russell,2007,551 U.S. 205,"Harris Truck Lines, Inc. v. Cherry Meat Packers, Inc.",1962,371 U.S. 215,0,451231,1962-12-17,3573311,2007-06-14
"Leegin Creative Leather Products Inc. v. PSKS, Inc.",2007,551 U.S. 877,Dr. Miles Medical Co. v. John D. Park & Sons Co.,1911,220 U.S. 373,0,3656614,1911-04-03,3573411,2007-06-28
Central Virginia Community College v. Katz,2006,546 U.S. 356,Hoffman v. Connecticut Department of Income Maintenance,1989,492 U.S. 96,0,6211561,1989-06-23,5917860,2006-01-23
Roper v. Simmons,2005,543 U.S. 551,Stanford v. Kentucky,1989,492 U.S. 361,0,6215448,1989-06-26,5928574,2005-03-01
Crawford v. Washington,2004,541 U.S. 36,Ohio v. Roberts,1980,448 U.S. 56,0,1787607,1980-06-25,5873383,2004-03-08
Lawrence v. Texas,2003,539 U.S. 558,Bowers v. Hardwick,1986,478 U.S. 186,0,6204722,1986-06-30,8898517,2003-06-26
Atkins v. Virginia,2002,536 U.S. 304,Penry v. Lynaugh,1989,492 U.S. 302,0,6214810,1989-06-26,1255406,2002-06-20
Lapides v. Board of Regents of University System of Georgia,2002,535 U.S. 613,Ford Motor Co. v. Department of Treasury of State of Indiana,1945,323 U.S. 459,0,1230205,1945-01-08,353556,2002-05-13
Ring v. Arizona,2002,536 U.S. 584,Walton v. Arizona,1990,497 U.S. 639,0,6218483,1990-06-27,1254507,2002-06-24
United States v. Cotton,2002,535 U.S. 625,Ex parte Bain,1887,121 U.S. 1,0,678699,1887-03-28,353467,2002-05-20
United States v. Hatter,2001,532 U.S. 557,Evans v. Gore,1920,253 U.S. 245,0,189376,1920-06-01,9301604,2001-05-21
Mitchell v. Helms,2000,530 U.S. 793,Wolman v. Walter,1977,433 U.S. 229,0,6178289,1977-06-24,9414276,2000-06-28
Mitchell v. Helms,2000,530 U.S. 793,Meek v. Pittenger,1975,421 U.S. 349,0,541334,1975-05-19,9414276,2000-06-28
College Savings Bank v. Florida Prepaid Postsecondary Education Expense Board,1999,527 U.S. 666,Parden v. Terminal Railway of Alabama State Docks Department,1964,377 U.S. 184,1,6166693,1964-05-18,1248432,1999-06-23
Minnesota v. Mille Lacs Band of Chippewa Indians,1999,526 U.S. 172,Ward v. Race Horse,1896,163 U.S. 504,1,468279,1896-05-25,11132975,1999-03-24
Hohn v. United States,1998,524 U.S. 236,House v. Mayo,1945,324 U.S. 42,0,6154176,1945-02-05,11182106,1998-06-15
Agostini v. Felton,1997,521 U.S. 203,Aguilar v. Felton,1985,473 U.S. 402,1,6200100,1985-07-01,915883,1997-06-23
Hudson v. United States,1997,522 U.S. 93,United States v. Halper,1989,490 U.S. 435,0,605295,1989-05-15,11470872,1997-12-10
State Oil Co. v. Khan,1997,522 U.S. 3,Albrecht v. Herald Co.,1968,390 U.S. 145,0,6167411,1968-03-04,11470447,1997-11-04
"44 Liquormart, Inc. v. Rhode Island",1996,517 U.S. 484,California v. LaRue,1972,409 U.S. 109,0,6172250,1972-12-05,11745611,1996-05-13
Fulton Corp. v. Faulkner,1996,516 U.S. 325,Darnell v. Indiana,1912,226 U.S. 390,0,8287190,1912-12-23,324365,1996-02-21
Fulton Corp. v. Faulkner,1996,516 U.S. 325,Kidd v. Alabama,1903,188 U.S. 730,0,11729477,1903-02-23,324365,1996-02-21
Seminole Tribe of Florida v. Florida,1996,517 U.S. 44,Pennsylvania v. Union Gas Co.,1989,491 U.S. 1,0,6210086,1989-06-15,11744357,1996-03-27
"Adarand Constructors, Inc. v. Pena",1995,515 U.S. 200,"Metro Broadcasting, Inc. v. Federal Communications Commission",1990,497 U.S. 547,0,6217947,1990-06-27,1564297,1995-06-12
Hubbard v. United States,1995,514 U.S. 695,United States v. Bramblett,1955,348 U.S. 503,0,6931942,1955-04-04,1339980,1995-05-15
United States v. Gaudin,1995,515 U.S. 506,Sinclair v. United States,1929,279 U.S. 263,0,3906798,1929-04-08,1564227,1995-06-19
Nichols v. United States,1994,511 U.S. 738,Baldasar v. Illinois,1980,446 U.S. 222,0,6181341,1980-04-22,1147855,1994-06-06
Keeney v. Tamayo-Reyes,1992,504 U.S. 1,Townsend v. Sain,1963,372 U.S. 293,1,1765474,1963-03-18,11727470,1992-05-04
Planned Parenthood of Southeastern Pennsylvania v. Casey,1992,505 U.S. 833,Thornburgh v. American College of Obstetricians & Gynecologists,1986,476 U.S. 747,1,12915,1986-06-11,1480969,1992-06-29
Planned Parenthood of Southeastern Pennsylvania v. Casey,1992,505 U.S. 833,"City of Akron v. Akron Center for Reproductive Health, Inc.",1983,462 U.S. 416,1,6189391,1983-06-15,1480969,1992-06-29
Quill Corp. v. North Dakota,1992,504 U.S. 298,"National Bellas Hess, Inc. v. Department of Revenue of Illinois",1967,386 U.S. 753,1,6183430,1967-05-08,11728988,1992-05-26
California v. Acevedo,1991,500 U.S. 565,Arkansas v. Sanders,1979,442 U.S. 753,0,1532109,1979-06-20,6227938,1991-05-30
Coleman v. Thompson,1991,501 U.S. 722,Fay v. Noia,1963,372 U.S. 391,1,1765582,1963-03-18,1108153,1991-06-24
"Exxon Corp. v. Central Gulf Lines, Inc.",1991,500 U.S. 603,Minturn v. Maynard,1855,58 U.S. 477,0,5678343,1854-12-01,6228361,1991-06-03
Payne v. Tennessee,1991,501 U.S. 808,South Carolina v. Gathers,1989,490 U.S. 805,0,605301,1989-06-12,1108176,1991-06-27
Payne v. Tennessee,1991,501 U.S. 808,Booth v. Maryland,1987,482 U.S. 496,0,6216766,1987-06-15,1108176,1991-06-27
Collins v. Youngblood,1990,497 U.S. 37,Thompson v. Utah,1898,170 U.S. 343,0,3599681,1898-04-25,6212725,1990-06-21
Collins v. Youngblood,1990,497 U.S. 37,Kring v. Missouri,1883,107 U.S. 221,0,3499903,1882-10-01,6212725,1990-06-21
W.S. Kirkpatrick & Co. v. Environmental Tectonics Corp.,1990,493 U.S. 400,American Banana Co. v. United Fruit Co.,1909,213 U.S. 347,0,8289427,1909-04-26,11331985,1990-01-17
Alabama v. Smith,1989,490 U.S. 794,North Carolina v. Pearce,1969,395 U.S. 711,0,1772134,1969-06-23,605800,1989-06-12
Healy v. The Beer Institute,1989,491 U.S. 324,"Joseph E. Seagram & Sons, Inc. v. Hostetter",1966,384 U.S. 35,0,12041690,1966-04-19,6213752,1989-06-19
"Rodriguez de Quijas v. Shearson/American Express, Inc.",1989,490 U.S. 477,Wilko v. Swan,1953,346 U.S. 427,0,6931436,1953-12-07,605341,1989-05-15
Thornburgh v. Abbott,1989,490 U.S. 401,Procunier v. Martinez,1974,416 U.S. 396,1,84368,1974-04-29,605806,1989-05-15
Gulfstream Aerospace Corp. v. Mayacamas Corp.,1988,485 U.S. 271,Ettelson v. Metropolitan Life Insurance Co.,1942,317 U.S. 188,0,304244,1942-12-07,13336,1988-03-22
Gulfstream Aerospace Corp. v. Mayacamas Corp.,1988,485 U.S. 271,Enelow v. New York Life Insurance Co.,1935,293 U.S. 379,0,3931157,1935-01-07,13336,1988-03-22
South Carolina v. Baker,1988,485 U.S. 505,Pollock v. Farmers’ Loan & Trust Co.,1895,157 U.S. 429,0,3583743,1895-04-08,14016,1988-04-20
Puerto Rico v. Branstad,1987,483 U.S. 219,Kentucky v. Dennison,1861,65 U.S. 66,0,3463590,1860-12-01,28332,1987-06-23
Solorio v. United States,1987,483 U.S. 435,O’Callahan v. Parker,1969,395 U.S. 258,0,1771589,1969-06-02,28034,1987-06-25
"Tyler Pipe Industries, Inc. v. Washington State Department of Revenue",1987,483 U.S. 232,General Motors Corp. v. Washington,1964,377 U.S. 436,0,6170495,1964-06-08,28129,1987-06-23
Welch v. Texas Department of Highways & Public Transportation,1987,483 U.S. 468,Parden v. Terminal Railway of Alabama State Docks Department,1964,377 U.S. 184,1,6166693,1964-05-18,28093,1987-06-25
Batson v. Kentucky,1986,476 U.S. 79,Swain v. Alabama,1965,380 U.S. 202,1,1524661,1965-03-08,12787,1986-04-30
Daniels v. Williams,1986,474 U.S. 327,Parratt v. Taylor,1981,451 U.S. 527,1,6188807,1981-05-18,6204748,1986-01-21
Garcia v. San Antonio Metropolitan Transit Authority,1985,469 U.S. 528,National League of Cities v. Usery,1976,426 U.S. 833,0,6183325,1976-06-24,11960265,1985-02-19
United States v. Miller,1985,471 U.S. 130,Ex parte Bain,1887,121 U.S. 1,1,678699,1887-03-28,6197359,1985-04-01
Copperweld Corp. v. Independence Tube Corp.,1984,467 U.S. 752,United States v. Yellow Cab Co.,1947,332 U.S. 218,0,364913,1947-06-23,6207619,1984-06-19
Limbach v. Hooven & Allison Co.,1984,466 U.S. 353,Hooven & Allison Co. v. Evatt,1945,324 U.S. 652,0,6156305,1945-04-09,6198942,1984-04-18
Pennhurst State School & Hospital v. Halderman,1984,465 U.S. 89,Rolston v. Missouri Fund Commissioners,1887,120 U.S. 390,1,3468334,1887-03-07,11334896,1984-01-23
United States v. One Assortment of 89 Firearms,1984,465 U.S. 354,Coffey v. United States,1886,116 U.S. 436,0,3516839,1886-01-18,11335902,1984-02-22
Bob Jones University v. United States,1983,461 U.S. 574,Plessy v. Ferguson,1896,163 U.S. 537,0,468276,1896-05-18,11299017,1983-05-24
Illinois v. Gates,1983,462 U.S. 213,Spinelli v. United States,1969,393 U.S. 410,0,11317375,1969-01-27,6187462,1983-06-08
Illinois v. Gates,1983,462 U.S. 213,Aguilar v. Texas,1964,378 U.S. 108,0,6165107,1964-06-15,6187462,1983-06-08
Sporhase v. Nebraska ex rel. Douglas,1982,458 U.S. 941,Hudson County Water Co. v. McCarter,1908,209 U.S. 349,0,8289541,1908-04-06,636682,1982-07-02
United States v. Ross,1982,456 U.S. 798,Robbins v. California,1981,453 U.S. 420,0,11722820,1981-07-01,6191830,1982-06-01
Commonwealth Edison Co. v. Montana,1981,453 U.S. 609,Heisler v. Thomas Colliery Co.,1922,260 U.S. 245,0,11925862,1922-11-27,11723264,1981-07-02
Trammel v. United States,1980,445 U.S. 40,Hawkins v. United States,1958,358 U.S. 74,0,3658647,1958-11-24,1777844,1980-02-27
United States v. Salvucci,1980,448 U.S. 83,Jones v. United States,1960,362 U.S. 257,0,6163485,1960-03-28,1787633,1980-06-25
Hughes v. Oklahoma,1979,441 U.S. 322,Geer v. Connecticut,1896,161 U.S. 519,0,5701158,1896-03-02,1780381,1979-04-24
Burks v. United States,1978,437 U.S. 1,Forman v. United States,1960,361 U.S. 416,1,6169915,1960-02-23,6176664,1978-06-14
Burks v. United States,1978,437 U.S. 1,Yates v. United States,1957,354 U.S. 298,1,6159871,1957-06-17,6176664,1978-06-14
Burks v. United States,1978,437 U.S. 1,Bryan v. United States,1950,338 U.S. 552,1,3942430,1950-01-16,6176664,1978-06-14
Department of Revenue v. Ass’n of Washington Stevedoring Cos.,1978,435 U.S. 734,Joseph v. Carter & Weekes Stevedoring Co.,1947,330 U.S. 422,0,353664,1947-03-10,2264,1978-04-26
Department of Revenue v. Ass’n of Washington Stevedoring Cos.,1978,435 U.S. 734,Puget Sound Stevedoring Co. v. State Tax Commission,1937,302 U.S. 90,0,6137691,1937-11-08,2264,1978-04-26
Monell v. Department of Social Services,1978,436 U.S. 658,Monroe v. Pape,1961,365 U.S. 167,1,6165001,1961-02-20,1490618,1978-06-06
United States v. Scott,1978,437 U.S. 82,United States v. Jenkins,1975,420 U.S. 358,0,11643636,1975-02-25,6177769,1978-06-14
"Complete Auto Transit, Inc. v. Brady",1977,430 U.S. 274,Spector Motor Service v. O’Connor,1951,340 U.S. 602,0,6932011,1951-03-26,12123142,1977-03-07
"Continental T.V., Inc. v. GTE Sylvania",1977,433 U.S. 36,"United States v. Arnold, Schwinn & Co.",1967,388 U.S. 365,0,6168585,1967-06-12,6176512,1977-06-23
Oregon ex rel. State Land Board v. Corvallis Sand & Gravel Co.,1977,429 U.S. 363,Bonelli Cattle Co. v. Arizona,1973,414 U.S. 313,0,11715808,1973-12-17,7650,1977-01-12
Shaffer v. Heitner,1977,433 U.S. 186,Pennoyer v. Neff,1877,95 U.S. 714,0,3383405,1877-10-01,6178074,1977-06-24
City of New Orleans v. Dukes,1976,427 U.S. 297,Morey v. Doud,1957,354 U.S. 457,0,6160543,1957-06-24,6176137,1976-06-25
Craig v. Boren,1976,429 U.S. 190,Goesaert v. Cleary,1948,335 U.S. 464,0,6159838,1948-12-20,6079,1976-12-20
Gregg v. Georgia,1976,428 U.S. 153,McGautha v. California,1971,402 U.S. 183,0,11733438,1971-05-03,6176749,1976-07-02
Hudgens v. National Labor Relations Board,1976,424 U.S. 507,"Amalgamated Food Employees Union Local 590 v. Logan Valley Plaza, Inc.",1968,391 U.S. 308,0,1767776,1968-05-20,12026871,1976-03-03
"Lodge 76, International Association of Machinists & Aerospace Workers v. Wisconsin Employment Relations Commission",1976,427 U.S. 132,"International Union, U.A.W.A. v. Wisconsin Employment Relations Board",1949,336 U.S. 245,0,3939849,1949-02-28,6175136,1976-06-25
Michelin Tire Corp. v. Wages,1976,423 U.S. 276,Low v. Austin,1872,80 U.S. 29,0,1134198,1871-12-01,6176396,1976-01-14
National League of Cities v. Usery,1976,426 U.S. 833,Maryland v. Wirtz,1968,392 U.S. 183,0,6168633,1968-06-10,6183325,1976-06-24
"Virginia State Board of Pharmacy v. Virginia Citizens Consumer Council, Inc.",1976,425 U.S. 748,Valentine v. Chrestensen,1942,316 U.S. 52,0,368211,1942-04-13,6182253,1976-05-24
Taylor v. Louisiana,1975,419 U.S. 522,Hoyt v. Florida,1961,368 U.S. 57,1,6167820,1961-11-20,6176665,1975-01-21
United States v. Reliable Transfer Co.,1975,421 U.S. 397,The Schooner Catherine v. Dickinson,1854,58 U.S. 170,0,5677996,1854-12-01,541982,1975-05-19
Edelman v. Jordan,1974,415 U.S. 651,Shapiro v. Thompson,1969,394 U.S. 618,0,6177874,1969-04-21,6179827,1974-03-25
Braden v. 30th Judicial Circuit Court,1973,410 U.S. 484,Ahrens v. Clark,1948,335 U.S. 188,0,6158690,1948-06-21,11957617,1973-02-28
Lehnhausen v. Lake Shore Auto Parts Co.,1973,410 U.S. 356,Quaker City Cab Co. v. Pennsylvania,1928,277 U.S. 389,0,3903210,1928-05-28,11957278,1973-02-22
Miller v. California,1973,413 U.S. 15,A Book Named “John Cleland’s Memoirs of a Woman of Pleasure” v. Attorney General,1966,383 U.S. 413,0,6171859,1966-03-21,11338628,1973-06-21
"North Dakota State Board of Pharmacy v. Snyder’s Drug Stores, Inc.",1973,414 U.S. 156,Louis K. Liggett Co. v. Baldridge,1928,278 U.S. 105,0,3904778,1928-11-19,11715401,1973-12-05
Andrews v. Louisville & Nashville Railroad,1972,406 U.S. 320,Moore v. Illinois Central Railroad,1941,312 U.S. 630,0,359158,1941-03-31,6170538,1972-05-15
"Blonder-Tongue Laboratories, Inc. v. University of Illinois Foundation",1971,402 U.S. 313,Triplett v. Lowell,1936,297 U.S. 638,0,3929002,1936-03-30,11733536,1971-05-03
Griffin v. Breckenridge,1971,403 U.S. 88,Collins v. Hardyman,1951,341 U.S. 651,1,1148061,1951-06-04,12026715,1971-06-07
Perez v. Campbell,1971,402 U.S. 637,Kesler v. Department of Public Safety,1962,369 U.S. 153,0,6166312,1962-03-26,11735156,1971-06-01
Perez v. Campbell,1971,402 U.S. 637,Reitz v. Mealey,1941,314 U.S. 33,0,6136730,1941-11-10,11735156,1971-06-01
Ashe v. Swenson,1970,397 U.S. 436,Hoag v. New Jersey,1958,356 U.S. 464,0,6164332,1958-05-19,12054849,1970-04-06
"Boys Markets, Inc. v. Retail Clerk’s Union",1970,398 U.S. 235,Sinclair Refining Co. v. Atkinson,1962,370 U.S. 195,0,6166651,1962-06-18,6169954,1970-06-01
Moragne v. States Marine Lines,1970,398 U.S. 375,The Harrisburg,1886,119 U.S. 199,0,8299708,1886-11-15,6171321,1970-06-15
Price v. Georgia,1970,398 U.S. 323,Brantley v. Georgia,1910,217 U.S. 284,0,407769,1910-04-11,6170963,1970-06-15
Williams v. Florida,1970,399 U.S. 78,Thompson v. Utah,1898,170 U.S. 343,0,3599681,1898-04-25,6168686,1970-06-22
Benton v. Maryland,1969,395 U.S. 784,Palko v. Connecticut,1937,302 U.S. 319,0,6140617,1937-12-06,1771730,1969-06-23
Brandenburg v. Ohio,1969,395 U.S. 444,Whitney v. California,1927,274 U.S. 357,0,81088,1927-05-16,1771581,1969-06-09
Chimel v. California,1969,395 U.S. 752,United States v. Rabinowitz,1950,339 U.S. 56,0,362582,1950-02-20,1772077,1969-06-23
Chimel v. California,1969,395 U.S. 752,Harris v. United States,1947,331 U.S. 145,0,6157337,1947-05-05,1772077,1969-06-23
Jones v. Alfred H. Mayer Co.,1969,392 U.S. 409,Hodges v. United States,1906,203 U.S. 1,0,8290208,1906-05-28,6171870,1968-06-17
"Lear, Inc. v. Adkins",1969,395 U.S. 653,"Automatic Radio Manufacturing Co. v. Hazeltine Research, Inc.",1950,339 U.S. 827,0,362379,1950-06-05,1771578,1969-06-16
Moore v. Ogilvie,1969,394 U.S. 814,MacDougall v. Green,1948,335 U.S. 281,0,6158919,1948-10-21,6181588,1969-05-05
Bruton v. United States,1968,391 U.S. 123,Delli Paoli v. United States,1957,352 U.S. 232,0,6160420,1957-01-14,1767670,1968-05-20
Carafas v. LaVallee,1968,391 U.S. 234,Parker v. Ellis,1960,362 U.S. 574,0,6166360,1960-05-16,1767371,1968-05-20
Duncan v. Louisiana,1968,391 U.S. 145,Maxwell v. Dow,1900,176 U.S. 581,0,5704466,1900-02-26,1767723,1968-05-20
Lee v. Florida,1968,392 U.S. 378,Schwartz v. Texas,1952,344 U.S. 199,0,11299429,1952-12-15,6171487,1968-06-17
Marchetti v. United States,1968,390 U.S. 39,Lewis v. United States,1955,348 U.S. 419,0,6931675,1955-03-14,6166408,1968-01-29
Marchetti v. United States,1968,390 U.S. 39,United States v. Kahriger,1953,345 U.S. 22,0,372505,1953-03-09,6166408,1968-01-29
Peyton v. Rowe,1968,391 U.S. 54,McNally v. Hill,1934,293 U.S. 131,0,3933606,1934-11-05,1767493,1968-05-20
Afroyim v. Rusk,1967,387 U.S. 253,Perez v. Brownell,1958,356 U.S. 44,0,6161224,1958-03-31,11336704,1967-05-29
Camara v. Municipal Court of San Francisco,1967,387 U.S. 523,Frank v. Maryland,1959,359 U.S. 360,0,6166003,1959-05-04,11338823,1967-06-05
Katz v. United States,1967,389 U.S. 347,Goldman v. United States,1942,316 U.S. 129,0,368290,1942-04-27,11339173,1967-12-18
Katz v. United States,1967,389 U.S. 347,Olmstead v. United States,1928,277 U.S. 438,0,3903035,1928-06-04,11339173,1967-12-18
Keyishian v. Board of Regents,1967,385 U.S. 589,Adler v. Board of Education,1952,342 U.S. 485,0,640821,1952-03-03,11341451,1967-01-23
Spevack v. Klein,1967,385 U.S. 511,Cohen v. Hurley,1961,366 U.S. 117,0,1285830,1961-04-24,11340402,1967-01-16
"Warden, Maryland Penitentiary v. Hayden",1967,387 U.S. 294,Gouled v. United States,1921,255 U.S. 298,0,341446,1921-02-28,11336837,1967-05-29
Harper v. Virgina Board of Elections,1966,383 U.S. 663,Breedlove v. Suttles,1937,302 U.S. 277,0,6140033,1937-12-06,6174691,1966-03-24
Miranda v. Arizona,1966,384 U.S. 436,Crooker v. California,1958,357 U.S. 433,0,6163569,1958-06-30,12046400,1966-06-13
Harris v. United States,1965,382 U.S. 162,Brown v. United States,1959,359 U.S. 41,0,6162154,1959-03-09,6174203,1965-12-06
Pointer v. Texas,1965,380 U.S. 400,West v. Louisiana,1904,194 U.S. 258,0,3630982,1904-05-02,1525264,1965-04-05
Swift & Co. v. Wickham,1965,382 U.S. 111,Kesler v. Department of Public Safety,1962,369 U.S. 153,1,6166312,1962-03-26,6172794,1965-11-22
United States v. Brown,1965,381 U.S. 437,American Communications Ass’n v. Douds,1950,339 U.S. 382,0,362716,1950-05-08,6171849,1965-06-07
Escobedo v. Illinois,1964,378 U.S. 478,Cicenia v. Lagay,1958,357 U.S. 504,0,6163994,1958-06-30,6166688,1964-06-22
Jackson v. Denno,1964,378 U.S. 368,Stein v. New York,1953,346 U.S. 156,0,6930835,1953-06-15,6166505,1964-06-22
Malloy v. Hogan,1964,378 U.S. 1,Adamson v. California,1947,332 U.S. 46,0,365087,1947-06-23,6164855,1964-06-15
Malloy v. Hogan,1964,378 U.S. 1,Twining v. New Jersey,1908,211 U.S. 78,0,11926611,1908-11-09,6164855,1964-06-15
McLaughlin v. Florida,1964,379 U.S. 184,Pace v. Alabama,1883,106 U.S. 583,0,3498470,1882-10-01,11729594,1964-12-07
Murphy v. Waterfront Commission of New York Harbor,1964,378 U.S. 52,Feldman v. United States,1944,322 U.S. 487,0,6144433,1944-05-29,6165037,1964-06-15
Murphy v. Waterfront Commission of New York Harbor,1964,378 U.S. 52,United States v. Murdock,1931,284 U.S. 141,0,5718167,1931-11-23,6165037,1964-06-15
Wesberry v. Sanders,1964,376 U.S. 1,Colegrove v. Green,1946,328 U.S. 549,1,377174,1946-06-10,379871,1964-02-17
Fay v. Noia,1963,372 U.S. 391,Darr v. Burford,1950,339 U.S. 200,1,362663,1950-04-03,1765582,1963-03-18
Fay v. Noia,1963,372 U.S. 391,Daniels v. Allen,1953,344 U.S. 443,1,11300626,1953-02-09,1765582,1963-03-18
Ferguson v. Skrupa,1963,372 U.S. 726,Adams v. Tanner,1917,244 U.S. 590,0,343165,1917-06-11,1765363,1963-04-22
Gideon v. Wainwright,1963,372 U.S. 335,Betts v. Brady,1942,316 U.S. 455,0,368158,1942-06-01,1765333,1963-03-18
Local,1963,371 U.S. 542,Montgomery Building & Construction Trades Council v. Ledbetter Erection Co.,1952,344 U.S. 178,1,11299337,1952-12-08,451418,1963-01-21
Townsend v. Sain,1963,372 U.S. 293,Brown v. Allen,1953,344 U.S. 443,0,11300626,1953-02-09,1765474,1963-03-18
Smith v. Evening News Ass’n,1962,371 U.S. 195,Ass’n of Westinghouse Salaried Employees v. Westinghouse Electric Corp.,1955,348 U.S. 437,1,6931824,1955-03-28,451047,1962-12-10
James v. United States,1961,366 U.S. 213,Commissioner of Internal Revenue v. Wilcox,1946,327 U.S. 404,0,414131,1946-02-25,1285816,1961-05-15
Mapp v. Ohio,1961,367 U.S. 643,Wolf v. Colorado,1949,338 U.S. 25,1,3949489,1949-06-27,1785580,1961-06-19
United States v. Raines,1960,362 U.S. 17,United States v. Reese,1876,92 U.S. 214,0,8777,1875-10-01,6162322,1960-02-29
Reid v. Covert,1957,354 U.S. 1,Reid v. Covert,1956,351 U.S. 487,0,1105266,1956-06-11,6159097,1957-06-10
Vanderbilt v. Vanderbilt,1957,354 U.S. 416,Thompson v. Thompson,1913,226 U.S. 551,0,8288734,1913-01-06,6160271,1957-06-24
Carroll v. Lanza,1955,349 U.S. 408,Bradford Electric Light Co. v. Clapper,1932,286 U.S. 145,0,3915622,1932-05-16,11335683,1955-06-06
"Joseph Burstyn, Inc. v. Wilson",1952,343 U.S. 495,Mutual Film Corp. v. Industrial Commission of Ohio,1915,236 U.S. 230,0,8286632,1915-02-23,11340482,1952-05-26
Standard Oil Co. v. Peck,1952,342 U.S. 382,Ayer & Lord Tie Co. v. Kentucky,1906,202 U.S. 409,0,3646827,1906-05-21,641305,1952-02-04
Standard Oil Co. v. Peck,1952,342 U.S. 382,Old Dominion Steamship Co. v. Virginia,1905,198 U.S. 299,0,1499406,1905-05-15,641305,1952-02-04
Standard Oil Co. v. Peck,1952,342 U.S. 382,St. Louis v. The Ferry Co.,1870,78 U.S. 423,0,3414183,1870-12-01,641305,1952-02-04
United States v. Rabinowitz,1950,339 U.S. 56,Trupiano v. United States,1948,334 U.S. 699,0,6159022,1948-06-14,362582,1950-02-20
Commissioner of Internal Revenue v. Estate of Church,1949,335 U.S. 632,May v. Heiner,1930,281 U.S. 238,0,3916250,1930-04-14,6160710,1949-01-17
Cosmopolitan Shipping Co. v. McAllister,1949,337 U.S. 783,"Hust v. Moore-McCormack Lines, Inc.",1946,328 U.S. 707,0,377142,1946-06-10,572305,1949-06-27
Lincoln Federal Labor Union v. Northwestern Iron & Metal Co.,1949,335 U.S. 525,Coppage v. Kansas,1915,236 U.S. 1,0,8285078,1915-01-25,6160224,1949-01-03
Lincoln Federal Labor Union v. Northwestern Iron & Metal Co.,1949,335 U.S. 525,Adair v. United States,1908,208 U.S. 161,0,3642626,1908-01-27,6160224,1949-01-03
Oklahoma Tax Commission v. Texas Co.,1949,336 U.S. 342,"Oklahoma ex rel. Okla. Tax Comm’n v. Barnsdall Refineries, Inc.",1936,296 U.S. 521,0,5720689,1936-01-06,3938061,1949-03-07
Oklahoma Tax Commission v. Texas Co.,1949,336 U.S. 342,Indian Territory Illuminating Oil Co. v. Oklahoma,1916,240 U.S. 522,0,3689027,1916-04-03,3938061,1949-03-07
Oklahoma Tax Commission v. Texas Co.,1949,336 U.S. 342,"Choctaw, Oklahoma & Gulf Railroad v. Harrison",1914,235 U.S. 292,0,3674303,1914-11-30,3938061,1949-03-07
Sherrer v. Sherrer,1948,334 U.S. 343,Andrews v. Andrews,1903,188 U.S. 14,1,11725442,1903-01-19,6158163,1948-06-07
Angel v. Bullington,1947,330 U.S. 183,David Lupton’s Sons v. Automobile Club of America,1912,225 U.S. 489,0,11341575,1912-06-07,353956,1947-02-17
Girouard v. United States,1946,328 U.S. 61,United States v. Bland,1931,283 U.S. 636,0,434270,1931-05-25,377010,1946-04-22
Girouard v. United States,1946,328 U.S. 61,United States v. Macintosh,1931,283 U.S. 605,0,434121,1931-05-25,377010,1946-04-22
Girouard v. United States,1946,328 U.S. 61,United States v. Schwimmer,1929,279 U.S. 644,0,3906090,1929-05-27,377010,1946-04-22
Federal Power Commssion v. Hope Natural Gas Co.,1944,320 U.S. 591,United Railways & Electric Co. v. West,1930,280 U.S. 234,1,3914451,1930-01-06,6143691,1944-01-03
Mahnich v. Southern Steamship Co.,1944,321 U.S. 96,"Plamals v. Steamship “Pinar Del Rio,’’",1928,277 U.S. 151,1,3902786,1928-05-14,302045,1944-01-31
Mercoid Corp. v. Mid-Continent Co.,1944,320 U.S. 661,Leeds & Catlin Co. v. Victor Talking Machine Co.,1909,213 U.S. 325,0,8289237,1909-04-19,6143736,1944-01-03
Smith v. Allwright,1944,321 U.S. 649,Grovey v. Townsend,1935,295 U.S. 45,0,333898,1935-04-01,301825,1944-04-03
United States v. South-Eastern Underwriters Ass’n,1944,322 U.S. 533,Paul v. Virginia,1869,75 U.S. 168,0,3445849,1868-12-01,6144782,1944-06-05
"Brady v. Roosevelt Steamship, Co.",1943,317 U.S. 575,Johnson v. U.S. Shipping Board Emergency Fleet Corp.,1930,280 U.S. 320,0,3907637,1930-01-06,303840,1943-01-18
Murdock v. Pennsylvania,1943,319 U.S. 105,Jones v. Opelika,1942,316 U.S. 584,0,368295,1942-06-08,366495,1943-05-03
Oklahoma Tax Commission v. United States,1943,319 U.S. 598,Childers v. Beaver,1926,270 U.S. 555,0,6142260,1926-04-12,366760,1943-06-14
West Virginia State Board of Education v. Barnette,1943,319 U.S. 624,Minersville School District v. Gobitis,1940,310 U.S. 586,0,6140479,1940-06-03,366560,1943-06-14
Graves v. Schmidlapp,1942,315 U.S. 657,Wachovia Bank & Trust Co. v. Doughton,1926,272 U.S. 567,0,1501244,1926-11-29,374741,1942-03-30
State Tax Commission v. Aldrich,1942,316 U.S. 174,First National Bank of Boston v. Maine,1932,284 U.S. 312,0,5717781,1932-01-04,368247,1942-04-27
Williams v. North Carolina,1942,317 U.S. 287,Haddock v. Haddock,1906,201 U.S. 562,0,344922,1906-04-12,303872,1942-12-21
Alabama v. King & Boozer,1941,314 U.S. 1,Graves v. Texas Co.,1936,298 U.S. 393,0,1486115,1936-05-18,6136267,1941-11-10
Alabama v. King & Boozer,1941,314 U.S. 1,Panhandle Oil Co. v. Mississippi ex rel. Knox,1928,277 U.S. 218,0,3902629,1928-05-14,6136267,1941-11-10
California v. Thompson,1941,313 U.S. 109,Di Santo v. Pennsylvania,1927,273 U.S. 34,0,6136936,1927-01-03,6137652,1941-04-28
Edwards v. California,1941,314 U.S. 160,City of New York v. Miln,1837,36 U.S. 102,0,3344630,1837-01-01,6138434,1941-11-24
Nye v. United States,1941,313 U.S. 33,Toledo Newspaper Co. v. United States,1918,247 U.S. 402,0,1484712,1918-06-10,6136740,1941-04-14
Olsen v. Nebraska ex rel. Western Reference & Bond Ass’n,1941,313 U.S. 236,Ribnik v. McBride,1928,277 U.S. 350,0,3902647,1928-05-28,6138846,1941-04-28
Toucey v. New York Life Insurance Co.,1941,314 U.S. 118,Supreme Tribe of Ben-Hur v. Cauble,1921,255 U.S. 356,0,341585,1921-03-07,6137945,1941-11-17
"United States v. Chicago, Milwaukee, St. Paul & Pacific Railroad",1941,312 U.S. 592,United States v. Lynah,1903,188 U.S. 445,0,11727460,1903-02-23,359322,1941-03-31
United States v. Darby,1941,312 U.S. 100,Hammer v. Dagenhart,1918,247 U.S. 251,0,1484699,1918-06-03,359225,1941-02-03
Helvering v. Hallock,1940,309 U.S. 106,Becker v. St. Louis Union Trust Co.,1935,296 U.S. 48,0,5724172,1935-11-11,6137841,1940-01-29
Madden v. Kentucky,1940,309 U.S. 83,Colgate v. Harvey,1935,296 U.S. 404,0,5723730,1935-12-16,6137531,1940-01-29
Tigner v. Texas,1940,310 U.S. 141,Connolly v. Union Sewer Pipe Co.,1902,184 U.S. 540,0,3626047,1902-03-10,6137572,1940-05-06
Graves v. New York ex rel. O’Keefe,1939,306 U.S. 466,New York ex rel. Rogers v. Graves,1937,299 U.S. 401,0,5721828,1937-01-04,6141122,1939-03-27
Graves v. New York ex rel. O’Keefe,1939,306 U.S. 466,Collector v. Day,1871,78 U.S. 113,0,3412793,1870-12-01,6141122,1939-03-27
O’Malley v. Woodrough,1939,307 U.S. 277,Miles v. Graham,1925,268 U.S. 501,0,13162,1925-06-01,6139344,1939-05-22
O’Malley v. Woodrough,1939,307 U.S. 277,Evans v. Gore,1920,253 U.S. 245,0,189376,1920-06-01,6139344,1939-05-22
Rochester Telephone Corp. v. United States,1939,307 U.S. 125,Procter & Gamble Co. v. United States,1912,225 U.S. 282,0,11339780,1912-06-07,6137459,1939-04-17
Erie Railroad v. Tompkins,1938,304 U.S. 64,Swift v. Tyson,1842,41 U.S. 1,0,102735,1842-01-01,10687,1938-04-25
Helvering v. Mountain Producers Corp.,1938,303 U.S. 376,Burnet v. Coronado Oil & Gas Co.,1932,285 U.S. 393,0,1175059,1932-04-11,6141099,1938-03-07
Helvering v. Mountain Producers Corp.,1938,303 U.S. 376,Gillespie v. Oklahoma,1922,257 U.S. 501,0,3677920,1922-01-30,6141099,1938-03-07
West Coast Hotel Co. v. Parrish,1937,300 U.S. 379,Adkins v. Children’s Hosp. of D.C.,1923,261 U.S. 525,0,6143553,1923-04-09,336877,1937-03-29
Funk v. United States,1933,290 U.S. 371,Jin Fuey Moy v. United States,1920,254 U.S. 189,0,1160402,1920-12-06,3926505,1933-12-11
Funk v. United States,1933,290 U.S. 371,Hendrix v. United States,1911,219 U.S. 79,0,3653292,1911-01-03,3926505,1933-12-11
Chicago & Eastern Illinois Railroad v. Industrial Commission,1932,284 U.S. 296,Erie Railroad v. Szary,1920,253 U.S. 86,0,189328,1920-05-17,5718412,1932-01-04
Fox Film Corp. v. Doyal,1932,286 U.S. 123,Long v. Rockwood,1928,277 U.S. 142,0,3903160,1928-05-14,3917810,1932-05-16
East Ohio Gas Co. v. Tax Commission of Ohio,1931,283 U.S. 465,Pennsylvania Gas Co. v. Public Service Commission,1920,252 U.S. 23,0,551509,1920-03-01,434083,1931-05-18
Farmers Loan & Trust Co. v. Minnesota,1930,280 U.S. 204,Blackstone v. Miller,1903,188 U.S. 189,0,11726086,1903-01-26,3910985,1930-01-06
Gleason v. Seaboard Air Line Railway,1929,278 U.S. 349,Friedlander v. Texas & Pacific Railway,1889,130 U.S. 416,1,3537788,1889-04-15,3906505,1929-01-02
Alpha Portland Cement Co. v. Massachusetts,1925,268 U.S. 203,Baltic Mining Co. v. Massachusetts,1913,231 U.S. 68,0,3671675,1913-11-03,13089,1925-05-04
Lee v. Chesapeake & Ohio Railway,1923,260 U.S. 653,In re Moore,1908,209 U.S. 490,0,8290575,1908-04-20,11926477,1923-01-22
Lee v. Chesapeake & Ohio Railway,1923,260 U.S. 653,Ex parte Wisner,1906,203 U.S. 449,0,8293612,1906-12-10,11926477,1923-01-22
Terral v. Burke Construction Co.,1922,257 U.S. 529,Security Mutual Life Insurance Co. v. Prewitt,1906,202 U.S. 246,0,3646470,1906-05-14,3679065,1922-02-27
Terral v. Burke Construction Co.,1922,257 U.S. 529,Doyle v. Cont’l Ins. Co.,1877,94 U.S. 535,0,5645962,1876-10-01,3679065,1922-02-27
Boston Store of Chicago v. American Graphophone Co.,1918,246 U.S. 8,Henry v. A.B. Dick Co.,1912,224 U.S. 1,0,3668927,1912-03-11,8284771,1918-03-04
Rosen v. United States,1918,245 U.S. 467,United States v. Reid,1851,53 U.S. 361,0,3366123,1851-12-01,3694651,1918-01-07
Motion Picture Patents Co. v. Universal Film Manufacturing Co.,1917,243 U.S. 502,Henry v. A.B. Dick Co.,1912,224 U.S. 1,0,3668927,1912-03-11,3692764,1917-04-09
Pennsylvania Railroad v. Towers,1917,245 U.S. 6,Lake Shore & Michigan Southern Railway v. Smith,1899,173 U.S. 684,1,8298686,1899-04-17,3694884,1917-10-15
United States v. Nice,1916,241 U.S. 591,In re Heff,1905,197 U.S. 488,0,3635768,1905-04-10,8289684,1916-06-12
Garland v. Washington,1914,232 U.S. 642,Crain v. United States,1896,162 U.S. 625,0,6141268,1896-04-20,3671681,1914-03-16
Minnesota Rate Cases,1913,230 U.S. 352,Peik v. Chicago & Northwestern Railway,1877,94 U.S. 164,0,5646330,1876-10-01,3664215,1913-06-09
Roberts v. Lewis,1894,153 U.S. 367,Giles v. Little,1881,104 U.S. 291,0,3492116,1881-10-01,3576386,1894-05-14
Brenham v. German American Bank,1892,144 U.S. 173,Mitchell v. Burlington,1867,71 U.S. 270,0,6139305,1866-12-01,3560896,1892-03-28
Brenham v. German American Bank,1892,144 U.S. 173,Rogers v. Burlington,1866,70 U.S. 654,0,3475563,1865-12-01,3560896,1892-03-28
Leloup v. Port of Mobile,1888,127 U.S. 640,Osborne v. Mobile,1873,83 U.S. 479,0,411277,1872-12-01,3531373,1888-05-14
In re Ayers,1887,123 U.S. 443,Osborn v. Bank of the United States,1824,22 U.S. 738,0,1421282,1824-03-19,3523061,1887-12-05
Philadelphia & Southern Mail Steamship Co. v. Pennsylvania,1887,122 U.S. 326,State Tax on Railway Gross Receipts,1873,82 U.S. 284,0,3425093,1872-12-01,3521233,1887-05-27
Morgan v. United States,1885,113 U.S. 476,Texas v. White,1869,74 U.S. 700,0,3451470,1868-12-01,3512246,1885-03-02
Kountze v. Omaha Hotel Co.,1883,107 U.S. 378,Stafford v. Union Bank of Louisiana,1853,57 U.S. 135,0,3483531,1853-12-01,3499305,1882-10-01
Kilbourn v. Thompson,1881,103 U.S. 168,Anderson v. Dunn,1821,19 U.S. 204,0,11729899,1821-03-02,1522273,1880-10-01
Tilghman v. Proctor,1880,102 U.S. 707,Mitchell v. Tilghman,1873,86 U.S. 287,0,3433453,1873-10-01,5629004,1880-10-01
Fairfield v. County of Gallatin,1879,100 U.S. 47,Town of Concord v. Portsmouth Savings Bank,1875,92 U.S. 625,0,8769,1875-10-01,4684,1879-10-01
County of Cass v. Johnston,1877,95 U.S. 360,Harshman v. Bates County,1875,92 U.S. 569,0,8781,1875-10-01,3383291,1877-10-01
Hornbuckle v. Toombs,1874,85 U.S. 648,Dunphy v. Kleinsmith & Duer,1870,78 U.S. 610,0,3413124,1870-12-01,3426191,1873-10-01
Hornbuckle v. Toombs,1874,85 U.S. 648,Orchard v. Hughes,1864,68 U.S. 73,0,3470704,1863-12-01,3426191,1873-10-01
Hornbuckle v. Toombs,1874,85 U.S. 648,Noonan v. Lee,1863,67 U.S. 499,0,3465740,1862-12-01,3426191,1873-10-01
Union Pacific Railway v. McShane,1874,89 U.S. 444,Railway v. Prescott,1873,83 U.S. 603,1,411253,1872-12-01,3409274,1874-10-01
Knox v. Lee,1871,79 U.S. 457,Hepburn v. Griswold,1870,75 U.S. 603,0,3443990,1869-12-01,5655150,1870-12-01
The Belfast,1869,74 U.S. 624,Allen v. Newberry,1858,62 U.S. 244,1,683886,1858-12-01,3451986,1868-12-01
Mason v. Eldred,1868,73 U.S. 231,Sheehy v. Mandeville & Jamesson,1810,10 U.S. 253,0,530388,1810-03-14,3456058,1867-12-01
Suydam v. Williamson,1861,65 U.S. 427,Williamson v. Ball,1850,49 U.S. 566,0,3350919,1850-01-01,3463640,1860-12-01
Gazzam v. Lessee of Phillips,1857,61 U.S. 372,Brown’s Lessee v. Clements,1845,44 U.S. 650,0,3317281,1845-01-01,5680026,1857-12-01
The Propeller Genesee Chief,1851,53 U.S. 443,The Steamboat Thomas Jefferson,1825,23 U.S. 428,0,1434769,1825-03-18,3365982,1851-12-01
"Louisville, Cincinnati & Charleston Railway v. Letson",1844,43 U.S. 497,Commercial & Railroad Bank of Vicksburg v. Slocomb,1840,39 U.S. 60,0,3334337,1840-01-01,3328443,1844-01-01
"Louisville, Cincinnati & Charleston Railway v. Letson",1844,43 U.S. 497,Bank of the United States v. Deveaux,1809,9 U.S. 61,0,1446283,1809-02-01,3328443,1844-01-01
Green v. Lessee of Neal,1832,31 U.S. 291,Powell’s Lessee v. Harman,1829,27 U.S. 241,0,11336583,1829-01-01,1439670,1832-01-01
Green v. Lessee of Neal,1832,31 U.S. 291,Patton’s Lessee v. Easton,1816,14 U.S. 476,0,532338,1816-02-01,1439670,1832-01-01
Gordon v. Ogden,1830,28 U.S. 33,Wilson v. Daniel,1798,3 U.S. 401,0,11738167,1798-08-01,3304977,1830-01-01
Hudson v. Guestier,1810,10 U.S. 281,Rose v. Himely,1808,8 U.S. 241,0,639393,1808-03-02,530389,1810-03-17
