overruling_name,overruling_year,overruling_cite,overruled_name,overruled_year,overruled_cite,partial
Dobbs v. Jackson Women’s Health Organization,2022,,Planned Parenthood of Southeastern Pennsylvania v. Casey,1992,505 U.S. 833,0
Dobbs v. Jackson Women’s Health Organization,2022,,Roe v. Wade,1973,410 U.S. 113,0
Edwards v. Vannoy,2021,,Teague v. Lane,1989,489 U.S. 288,1
Ramos v. Louisiana,2020,,Apodaca v. Oregon,1972,406 U.S. 404,0
Franchise Tax Board of California v. Hyatt,2019,,Nevada v. Hall,1979,440 U.S. 410,0
Herrera v. Wyoming,2019,,Ward v. Race Horse,1896,163 U.S. 504,0
Knick v. Township of Scott,2019,,Williamson County Regional Planning Commission v. Hamilton Bank of Johnson City,1985,473 U.S. 172,1
Rucho v. Common Cause,2019,,Davis v. Bandemer,1986,478 U.S. 109,0
"Janus v. American Federation of State, County, & Municipal Employees, Council 31",2018,,Abood v. Detroit Board of Education,1977,431 U.S. 209,0
South Dakota v. Wayfair,2018,,Quill Corp. v. North Dakota,1992,504 U.S. 298,0
South Dakota v. Wayfair,2018,,National Bellas Hess v. Department of Revenue of Illinois,1967,386 U.S. 753,0
Trump v. Hawaii,2018,,Korematsu v. United States,1944,323 U.S. 214,0
Hurst v. Florida,2016,,Hildwin v. Florida,1989,490 U.S. 638,0
Hurst v. Florida,2016,,Spaziano v. Florida,1984,468 U.S. 447,0
Johnson v. United States,2015,,Sykes v. United States,2011,564 U.S. 1,0
Johnson v. United States,2015,,James v. United States,2007,550 U.S. 192,0
Obergefell v. Hodges,2015,,Baker v. Nelson,1972,409 U.S. 810,0
Alleyne v. United States,2013,570 U.S. 99,Harris v. United States,2002,536 U.S. 545,0
Citizens United v. Federal Election Commission,2010,558 U.S. 310,McConnell v. Federal Election Commission,2003,540 U.S. 93,0
Montejo v. Louisiana,2009,556 U.S. 778,Michigan v. Jackson,1986,475 U.S. 625,0
Pearson v. Callahan,2009,555 U.S. 223,Saucier v. Katz,2001,533 U.S. 194,0
Bowles v. Russell,2007,551 U.S. 205,Thompson v. Immigration & Naturalization Service,1964,375 U.S. 384,0
Bowles v. Russell,2007,551 U.S. 205,"Harris Truck Lines, Inc. v. Cherry Meat Packers, Inc.",1962,371 U.S. 215,0
"Leegin Creative Leather Products Inc. v. PSKS, Inc.",2007,551 U.S. 877,Dr. Miles Medical Co. v. John D. Park & Sons Co.,1911,220 U.S. 373,0
Central Virginia Community College v. Katz,2006,546 U.S. 356,Hoffman v. Connecticut Department of Income Maintenance,1989,492 U.S. 96,0
Roper v. Simmons,2005,543 U.S. 551,Stanford v. Kentucky,1989,492 U.S. 361,0
Crawford v. Washington,2004,541 U.S. 36,Ohio v. Roberts,1980,448 U.S. 56,0
Lawrence v. Texas,2003,539 U.S. 558,Bowers v. Hardwick,1986,478 U.S. 186,0
Atkins v. Virginia,2002,536 U.S. 304,Penry v. Lynaugh,1989,492 U.S. 302,0
Lapides v. Board of Regents of University System of Georgia,2002,535 U.S. 613,Ford Motor Co. v. Department of Treasury of State of Indiana,1945,323 U.S. 459,0
Ring v. Arizona,2002,536 U.S. 584,Walton v. Arizona,1990,497 U.S. 639,0
United States v. Cotton,2002,535 U.S. 625,Ex parte Bain,1887,121 U.S. 1,0
United States v. Hatter,2001,532 U.S. 557,Evans v. Gore,1920,253 U.S. 245,0
Mitchell v. Helms,2000,530 U.S. 793,Wolman v. Walter,1977,433 U.S. 229,0
Mitchell v. Helms,2000,530 U.S. 793,Meek v. Pittenger,1975,421 U.S. 349,0
College Savings Bank v. Florida Prepaid Postsecondary Education Expense Board,1999,527 U.S. 666,Parden v. Terminal Railway of Alabama State Docks Department,1964,377 U.S. 184,1
Minnesota v. Mille Lacs Band of Chippewa Indians,1999,526 U.S. 172,Ward v. Race Horse,1896,163 U.S. 504,1
Hohn v. United States,1998,524 U.S. 236,House v. Mayo,1945,324 U.S. 42,0
Agostini v. Felton,1997,521 U.S. 203,Aguilar v. Felton,1985,473 U.S. 402,1
Hudson v. United States,1997,522 U.S. 93,United States v. Halper,1989,490 U.S. 435,0
State Oil Co. v. Khan,1997,522 U.S. 3,Albrecht v. Herald Co.,1968,390 U.S. 145,0
"44 Liquormart, Inc. v. Rhode Island",1996,517 U.S. 484,California v. LaRue,1972,409 U.S. 109,0
Fulton Corp. v. Faulkner,1996,516 U.S. 325,Darnell v. Indiana,1912,226 U.S. 390,0
Fulton Corp. v. Faulkner,1996,516 U.S. 325,Kidd v. Alabama,1903,188 U.S. 730,0
Seminole Tribe of Florida v. Florida,1996,517 U.S. 44,Pennsylvania v. Union Gas Co.,1989,491 U.S. 1,0
"Adarand Constructors, Inc. v. Pena",1995,515 U.S. 200,"Metro Broadcasting, Inc. v. Federal Communications Commission",1990,497 U.S. 547,0
Hubbard v. United States,1995,514 U.S. 695,United States v. Bramblett,1955,348 U.S. 503,0
United States v. Gaudin,1995,515 U.S. 506,Sinclair v. United States,1929,279 U.S. 263,0
Nichols v. United States,1994,511 U.S. 738,Baldasar v. Illinois,1980,446 U.S. 222,0
United States v. Dixon,1993,509 U.S. 688,Grady v. Corbin,1990,495 U.S. 508,0
Keeney v. Tamayo-Reyes,1992,504 U.S. 1,Townsend v. Sain,1963,372 U.S. 293,1
Planned Parenthood of Southeastern Pennsylvania v. Casey,1992,505 U.S. 833,Thornburgh v. American College of Obstetricians & Gynecologists,1986,476 U.S. 747,1
Planned Parenthood of Southeastern Pennsylvania v. Casey,1992,505 U.S. 833,"City of Akron v. Akron Center for Reproductive Health, Inc.",1983,462 U.S. 416,1
Quill Corp. v. North Dakota,1992,504 U.S. 298,"National Bellas Hess, Inc. v. Department of Revenue of Illinois",1967,386 U.S. 753,1
California v. Acevedo,1991,500 U.S. 565,Arkansas v. Sanders,1979,442 U.S. 753,0
Coleman v. Thompson,1991,501 U.S. 722,Fay v. Noia,1963,372 U.S. 391,1
"Exxon Corp. v. Central Gulf Lines, Inc.",1991,500 U.S. 603,Minturn v. Maynard,1855,58 U.S. 477,0
Payne v. Tennessee,1991,501 U.S. 808,South Carolina v. Gathers,1989,490 U.S. 805,0
Payne v. Tennessee,1991,501 U.S. 808,Booth v. Maryland,1987,482 U.S. 496,0
Collins v. Youngblood,1990,497 U.S. 37,Thompson v. Utah,1898,170 U.S. 343,0
Collins v. Youngblood,1990,497 U.S. 37,Kring v. Missouri,1883,107 U.S. 221,0
W.S. Kirkpatrick & Co. v. Environmental Tectonics Corp.,1990,493 U.S. 400,American Banana Co. v. United Fruit Co.,1909,213 U.S. 347,0
Alabama v. Smith,1989,490 U.S. 794,North Carolina v. Pearce,1969,395 U.S. 711,0
Healy v. The Beer Institute,1989,491 U.S. 324,"Joseph E. Seagram & Sons, Inc. v. Hostetter",1966,384 U.S. 35,0
"Rodriguez de Quijas v. Shearson/American Express, Inc.",1989,490 U.S. 477,Wilko v. Swan,1953,346 U.S. 427,0
Thornburgh v. Abbott,1989,490 U.S. 401,Procunier v. Martinez,1974,416 U.S. 396,1
Gulfstream Aerospace Corp. v. Mayacamas Corp.,1988,485 U.S. 271,Ettelson v. Metropolitan Life Insurance Co.,1942,317 U.S. 188,0
Gulfstream Aerospace Corp. v. Mayacamas Corp.,1988,485 U.S. 271,Enelow v. New York Life Insurance Co.,1935,293 U.S. 379,0
South Carolina v. Baker,1988,485 U.S. 505,Pollock v. Farmers’ Loan & Trust Co.,1895,157 U.S. 429,0
Puerto Rico v. Branstad,1987,483 U.S. 219,Kentucky v. Dennison,1861,65 U.S. 66,0
Solorio v. United States,1987,483 U.S. 435,O’Callahan v. Parker,1969,395 U.S. 258,0
"Tyler Pipe Industries, Inc. v. Washington State Department of Revenue",1987,483 U.S. 232,General Motors Corp. v. Washington,1964,377 U.S. 436,0
Welch v. Texas Department of Highways & Public Transportation,1987,483 U.S. 468,Parden v. Terminal Railway of Alabama State Docks Department,1964,377 U.S. 184,1
Batson v. Kentucky,1986,476 U.S. 79,Swain v. Alabama,1965,380 U.S. 202,1
Daniels v. Williams,1986,474 U.S. 327,Parratt v. Taylor,1981,451 U.S. 527,1
Garcia v. San Antonio Metropolitan Transit Authority,1985,469 U.S. 528,National League of Cities v. Usery,1976,426 U.S. 833,0
United States v. Miller,1985,471 U.S. 130,Ex parte Bain,1887,121 U.S. 1,1
Copperweld Corp. v. Independence Tube Corp.,1984,467 U.S. 752,United States v. Yellow Cab Co.,1947,332 U.S. 218,0
Limbach v. Hooven & Allison Co.,1984,466 U.S. 353,Hooven & Allison Co. v. Evatt,1945,324 U.S. 652,0
Pennhurst State School & Hospital v. Halderman,1984,465 U.S. 89,Rolston v. Missouri Fund Commissioners,1887,120 U.S. 390,1
United States v. One Assortment of 89 Firearms,1984,465 U.S. 354,Coffey v. United States,1886,116 U.S. 436,0
Bob Jones University v. United States,1983,461 U.S. 574,Plessy v. Ferguson,1896,163 U.S. 537,0
Illinois v. Gates,1983,462 U.S. 213,Spinelli v. United States,1969,393 U.S. 410,0
Illinois v. Gates,1983,462 U.S. 213,Aguilar v. Texas,1964,378 U.S. 108,0
Sporhase v. Nebraska ex rel. Douglas,1982,458 U.S. 941,Hudson County Water Co. v. McCarter,1908,209 U.S. 349,0
United States v. Ross,1982,456 U.S. 798,Robbins v. California,1981,453 U.S. 420,0
Commonwealth Edison Co. v. Montana,1981,453 U.S. 609,Heisler v. Thomas Colliery Co.,1922,260 U.S. 245,0
Trammel v. United States,1980,445 U.S. 40,Hawkins v. United States,1958,358 U.S. 74,0
United States v. Salvucci,1980,448 U.S. 83,Jones v. United States,1960,362 U.S. 257,0
Hughes v. Oklahoma,1979,441 U.S. 322,Geer v. Connecticut,1896,161 U.S. 519,0
Burks v. United States,1978,437 U.S. 1,Forman v. United States,1960,361 U.S. 416,1
Burks v. United States,1978,437 U.S. 1,Yates v. United States,1957,354 U.S. 298,1
Burks v. United States,1978,437 U.S. 1,Bryan v. United States,1950,338 U.S. 552,1
Department of Revenue v. Ass’n of Washington Stevedoring Cos.,1978,435 U.S. 734,Joseph v. Carter & Weekes Stevedoring Co.,1947,330 U.S. 422,0
Department of Revenue v. Ass’n of Washington Stevedoring Cos.,1978,435 U.S. 734,Puget Sound Stevedoring Co. v. State Tax Commission,1937,302 U.S. 90,0
Monell v. Department of Social Services,1978,436 U.S. 658,Monroe v. Pape,1961,365 U.S. 167,1
United States v. Scott,1978,437 U.S. 82,United States v. Jenkins,1975,420 U.S. 358,0
"Complete Auto Transit, Inc. v. Brady",1977,430 U.S. 274,Spector Motor Service v. O’Connor,1951,340 U.S. 602,0
"Continental T.V., Inc. v. GTE Sylvania",1977,433 U.S. 36,"United States v. Arnold, Schwinn & Co.",1967,388 U.S. 365,0
Oregon ex rel. State Land Board v. Corvallis Sand & Gravel Co.,1977,429 U.S. 363,Bonelli Cattle Co. v. Arizona,1973,414 U.S. 313,0
Shaffer v. Heitner,1977,433 U.S. 186,Pennoyer v. Neff,1877,95 U.S. 714,0
City of New Orleans v. Dukes,1976,427 U.S. 297,Morey v. Doud,1957,354 U.S. 457,0
Craig v. Boren,1976,429 U.S. 190,Goesaert v. Cleary,1948,335 U.S. 464,0
Dove v. United States,1976,423 U.S. 325,Durham v. United States,1971,401 U.S. 481,0
Gregg v. Georgia,1976,428 U.S. 153,McGautha v. California,1971,402 U.S. 183,0
Hudgens v. National Labor Relations Board,1976,424 U.S. 507,"Amalgamated Food Employees Union Local 590 v. Logan Valley Plaza, Inc.",1968,391 U.S. 308,0
"Lodge 76, International Association of Machinists & Aerospace Workers v. Wisconsin Employment Relations Commission",1976,427 U.S. 132,"International Union, U.A.W.A. v. Wisconsin Employment Relations Board",1949,336 U.S. 245,0
Michelin Tire Corp. v. Wages,1976,423 U.S. 276,Low v. Austin,1872,80 U.S. 29,0
National League of Cities v. Usery,1976,426 U.S. 833,Maryland v. Wirtz,1968,392 U.S. 183,0
"Virginia State Board of Pharmacy v. Virginia Citizens Consumer Council, Inc.",1976,425 U.S. 748,Valentine v. Chrestensen,1942,316 U.S. 52,0
Taylor v. Louisiana,1975,419 U.S. 522,Hoyt v. Florida,1961,368 U.S. 57,1
United States v. Reliable Transfer Co.,1975,421 U.S. 397,The Schooner Catherine v. Dickinson,1854,58 U.S. 170,0
Edelman v. Jordan,1974,415 U.S. 651,Sterrett v. Mothers’ & Children’s Rights Organization,1973,409 U.S. 809,0
Edelman v. Jordan,1974,415 U.S. 651,State Department of Health & Rehabilitative Services v. Zarate,1972,407 U.S. 918,0
Edelman v. Jordan,1974,415 U.S. 651,Wyman v. Bowens,1970,397 U.S. 49,0
Edelman v. Jordan,1974,415 U.S. 651,Shapiro v. Thompson,1969,394 U.S. 618,0
Braden v. 30th Judicial Circuit Court,1973,410 U.S. 484,Ahrens v. Clark,1948,335 U.S. 188,0
Lehnhausen v. Lake Shore Auto Parts Co.,1973,410 U.S. 356,Quaker City Cab Co. v. Pennsylvania,1928,277 U.S. 389,0
Miller v. California,1973,413 U.S. 15,A Book Named “John Cleland’s Memoirs of a Woman of Pleasure” v. Attorney General,1966,383 U.S. 413,0
"North Dakota State Board of Pharmacy v. Snyder’s Drug Stores, Inc.",1973,414 U.S. 156,Louis K. Liggett Co. v. Baldridge,1928,278 U.S. 105,0
Andrews v. Louisville & Nashville Railroad,1972,406 U.S. 320,Moore v. Illinois Central Railroad,1941,312 U.S. 630,0
"Blonder-Tongue Laboratories, Inc. v. University of Illinois Foundation",1971,402 U.S. 313,Triplett v. Lowell,1936,297 U.S. 638,0
Griffin v. Breckenridge,1971,403 U.S. 88,Collins v. Hardyman,1951,341 U.S. 651,1
Perez v. Campbell,1971,402 U.S. 637,Kesler v. Department of Public Safety,1962,369 U.S. 153,0
Perez v. Campbell,1971,402 U.S. 637,Reitz v. Mealey,1941,314 U.S. 33,0
Ashe v. Swenson,1970,397 U.S. 436,Hoag v. New Jersey,1958,356 U.S. 464,0
"Boys Markets, Inc. v. Retail Clerk’s Union",1970,398 U.S. 235,Sinclair Refining Co. v. Atkinson,1962,370 U.S. 195,0
Moragne v. States Marine Lines,1970,398 U.S. 375,The Harrisburg,1886,119 U.S. 199,0
Price v. Georgia,1970,398 U.S. 323,Brantley v. Georgia,1910,217 U.S. 284,0
Williams v. Florida,1970,399 U.S. 78,Thompson v. Utah,1898,170 U.S. 343,0
Benton v. Maryland,1969,395 U.S. 784,Palko v. Connecticut,1937,302 U.S. 319,0
Brandenburg v. Ohio,1969,395 U.S. 444,Whitney v. California,1927,274 U.S. 357,0
Chimel v. California,1969,395 U.S. 752,United States v. Rabinowitz,1950,339 U.S. 56,0
Chimel v. California,1969,395 U.S. 752,Harris v. United States,1947,331 U.S. 145,0
Jones v. Alfred H. Mayer Co.,1969,392 U.S. 409,Hodges v. United States,1906,203 U.S. 1,0
"Lear, Inc. v. Adkins",1969,395 U.S. 653,"Automatic Radio Manufacturing Co. v. Hazeltine Research, Inc.",1950,339 U.S. 827,0
Moore v. Ogilvie,1969,394 U.S. 814,MacDougall v. Green,1948,335 U.S. 281,0
Bruton v. United States,1968,391 U.S. 123,Delli Paoli v. United States,1957,352 U.S. 232,0
Carafas v. LaVallee,1968,391 U.S. 234,Parker v. Ellis,1960,362 U.S. 574,0
Duncan v. Louisiana,1968,391 U.S. 145,Maxwell v. Dow,1900,176 U.S. 581,0
Lee v. Florida,1968,392 U.S. 378,Schwartz v. Texas,1952,344 U.S. 199,0
Marchetti v. United States,1968,390 U.S. 39,Lewis v. United States,1955,348 U.S. 419,0
Marchetti v. United States,1968,390 U.S. 39,United States v. Kahriger,1953,345 U.S. 22,0
Peyton v. Rowe,1968,391 U.S. 54,McNally v. Hill,1934,293 U.S. 131,0
Afroyim v. Rusk,1967,387 U.S. 253,Perez v. Brownell,1958,356 U.S. 44,0
Camara v. Municipal Court of San Francisco,1967,387 U.S. 523,Frank v. Maryland,1959,359 U.S. 360,0
Katz v. United States,1967,389 U.S. 347,Goldman v. United States,1942,316 U.S. 129,0
Katz v. United States,1967,389 U.S. 347,Olmstead v. United States,1928,277 U.S. 438,0
Keyishian v. Board of Regents,1967,385 U.S. 589,Adler v. Board of Education,1952,342 U.S. 485,0
Spevack v. Klein,1967,385 U.S. 511,Cohen v. Hurley,1961,366 U.S. 117,0
"Warden, Maryland Penitentiary v. Hayden",1967,387 U.S. 294,Gouled v. United States,1921,255 U.S. 298,0
Harper v. Virgina Board of Elections,1966,383 U.S. 663,Breedlove v. Suttles,1937,302 U.S. 277,0
Miranda v. Arizona,1966,384 U.S. 436,Crooker v. California,1958,357 U.S. 433,0
Harris v. United States,1965,382 U.S. 162,Brown v. United States,1959,359 U.S. 41,0
Pointer v. Texas,1965,380 U.S. 400,West v. Louisiana,1904,194 U.S. 258,0
Swift & Co. v. Wickham,1965,382 U.S. 111,Kesler v. Department of Public Safety,1962,369 U.S. 153,1
United States v. Brown,1965,381 U.S. 437,American Communications Ass’n v. Douds,1950,339 U.S. 382,0
Escobedo v. Illinois,1964,378 U.S. 478,Cicenia v. Lagay,1958,357 U.S. 504,0
Jackson v. Denno,1964,378 U.S. 368,Stein v. New York,1953,346 U.S. 156,0
Malloy v. Hogan,1964,378 U.S. 1,Adamson v. California,1947,332 U.S. 46,0
Malloy v. Hogan,1964,378 U.S. 1,Twining v. New Jersey,1908,211 U.S. 78,0
McLaughlin v. Florida,1964,379 U.S. 184,Pace v. Alabama,1883,106 U.S. 583,0
Murphy v. Waterfront Commission of New York Harbor,1964,378 U.S. 52,Feldman v. United States,1944,322 U.S. 487,0
Murphy v. Waterfront Commission of New York Harbor,1964,378 U.S. 52,United States v. Murdock,1931,284 U.S. 141,0
Wesberry v. Sanders,1964,376 U.S. 1,Colegrove v. Green,1946,328 U.S. 549,1
Fay v. Noia,1963,372 U.S. 391,Darr v. Burford,1950,339 U.S. 200,1
Fay v. Noia,1963,372 U.S. 391,Daniels v. Allen,1953,344 U.S. 443,1
Ferguson v. Skrupa,1963,372 U.S. 726,Adams v. Tanner,1917,244 U.S. 590,0
Gideon v. Wainwright,1963,372 U.S. 335,Betts v. Brady,1942,316 U.S. 455,0
Local,1963,371 U.S. 542,Montgomery Building & Construction Trades Council v. Ledbetter Erection Co.,1952,344 U.S. 178,1
Townsend v. Sain,1963,372 U.S. 293,Brown v. Allen,1953,344 U.S. 443,0
Smith v. Evening News Ass’n,1962,371 U.S. 195,Ass’n of Westinghouse Salaried Employees v. Westinghouse Electric Corp.,1955,348 U.S. 437,1
James v. United States,1961,366 U.S. 213,Commissioner of Internal Revenue v. Wilcox,1946,327 U.S. 404,0
Mapp v. Ohio,1961,367 U.S. 643,Wolf v. Colorado,1949,338 U.S. 25,1
United States v. Raines,1960,362 U.S. 17,United States v. Reese,1876,92 U.S. 214,0
Reid v. Covert,1957,354 U.S. 1,Reid v. Covert,1956,351 U.S. 487,0
Vanderbilt v. Vanderbilt,1957,354 U.S. 416,Thompson v. Thompson,1913,226 U.S. 551,0
Carroll v. Lanza,1955,349 U.S. 408,Bradford Electric Light Co. v. Clapper,1932,286 U.S. 145,0
"Joseph Burstyn, Inc. v. Wilson",1952,343 U.S. 495,Mutual Film Corp. v. Industrial Commission of Ohio,1915,236 U.S. 230,0
Standard Oil Co. v. Peck,1952,342 U.S. 382,Ayer & Lord Tie Co. v. Kentucky,1906,202 U.S. 409,0
Standard Oil Co. v. Peck,1952,342 U.S. 382,Old Dominion Steamship Co. v. Virginia,1905,198 U.S. 299,0
Standard Oil Co. v. Peck,1952,342 U.S. 382,St. Louis v. The Ferry Co.,1870,78 U.S. 423,0
United States v. Rabinowitz,1950,339 U.S. 56,Trupiano v. United States,1948,334 U.S. 699,0
Commissioner of Internal Revenue v. Estate of Church,1949,335 U.S. 632,May v. Heiner,1930,281 U.S. 238,0
Cosmopolitan Shipping Co. v. McAllister,1949,337 U.S. 783,"Hust v. Moore-McCormack Lines, Inc.",1946,328 U.S. 707,0
Lincoln Federal Labor Union v. Northwestern Iron & Metal Co.,1949,335 U.S. 525,Coppage v. Kansas,1915,236 U.S. 1,0
Lincoln Federal Labor Union v. Northwestern Iron & Metal Co.,1949,335 U.S. 525,Adair v. United States,1908,208 U.S. 161,0
Oklahoma Tax Commission v. Texas Co.,1949,336 U.S. 342,"Oklahoma ex rel. Okla. Tax Comm’n v. Barnsdall Refineries, Inc.",1936,296 U.S. 521,0
Oklahoma Tax Commission v. Texas Co.,1949,336 U.S. 342,Large Oil Co. v. Howard,1919,248 U.S. 549,0
Oklahoma Tax Commission v. Texas Co.,1949,336 U.S. 342,Howard v. Gipsy Oil Co.,1918,247 U.S. 503,0
Oklahoma Tax Commission v. Texas Co.,1949,336 U.S. 342,Indian Territory Illuminating Oil Co. v. Oklahoma,1916,240 U.S. 522,0
Oklahoma Tax Commission v. Texas Co.,1949,336 U.S. 342,"Choctaw, Oklahoma & Gulf Railroad v. Harrison",1914,235 U.S. 292,0
Sherrer v. Sherrer,1948,334 U.S. 343,Andrews v. Andrews,1903,188 U.S. 14,1
Angel v. Bullington,1947,330 U.S. 183,David Lupton’s Sons v. Automobile Club of America,1912,225 U.S. 489,0
Girouard v. United States,1946,328 U.S. 61,United States v. Bland,1931,283 U.S. 636,0
Girouard v. United States,1946,328 U.S. 61,United States v. Macintosh,1931,283 U.S. 605,0
Girouard v. United States,1946,328 U.S. 61,United States v. Schwimmer,1929,279 U.S. 644,0
Federal Power Commssion v. Hope Natural Gas Co.,1944,320 U.S. 591,United Railways & Electric Co. v. West,1930,280 U.S. 234,1
Mahnich v. Southern Steamship Co.,1944,321 U.S. 96,"Plamals v. Steamship “Pinar Del Rio,’’",1928,277 U.S. 151,1
Mercoid Corp. v. Mid-Continent Co.,1944,320 U.S. 661,Leeds & Catlin Co. v. Victor Talking Machine Co.,1909,213 U.S. 325,0
Smith v. Allwright,1944,321 U.S. 649,Grovey v. Townsend,1935,295 U.S. 45,0
United States v. South-Eastern Underwriters Ass’n,1944,322 U.S. 533,Paul v. Virginia,1869,75 U.S. 168,0
"Brady v. Roosevelt Steamship, Co.",1943,317 U.S. 575,Johnson v. U.S. Shipping Board Emergency Fleet Corp.,1930,280 U.S. 320,0
Jones v. Opelika,1943,319 U.S. 103,Jones v. Opelika,1942,316 U.S. 584,0
Murdock v. Pennsylvania,1943,319 U.S. 105,Jones v. Opelika,1942,316 U.S. 584,0
Oklahoma Tax Commission v. United States,1943,319 U.S. 598,Childers v. Beaver,1926,270 U.S. 555,0
West Virginia State Board of Education v. Barnette,1943,319 U.S. 624,Minersville School District v. Gobitis,1940,310 U.S. 586,0
Graves v. Schmidlapp,1942,315 U.S. 657,Wachovia Bank & Trust Co. v. Doughton,1926,272 U.S. 567,0
State Tax Commission v. Aldrich,1942,316 U.S. 174,First National Bank of Boston v. Maine,1932,284 U.S. 312,0
Williams v. North Carolina,1942,317 U.S. 287,Haddock v. Haddock,1906,201 U.S. 562,0
Alabama v. King & Boozer,1941,314 U.S. 1,Graves v. Texas Co.,1936,298 U.S. 393,0
Alabama v. King & Boozer,1941,314 U.S. 1,Panhandle Oil Co. v. Mississippi ex rel. Knox,1928,277 U.S. 218,0
California v. Thompson,1941,313 U.S. 109,Di Santo v. Pennsylvania,1927,273 U.S. 34,0
Edwards v. California,1941,314 U.S. 160,City of New York v. Miln,1837,36 U.S. 102,0
Nye v. United States,1941,313 U.S. 33,Toledo Newspaper Co. v. United States,1918,247 U.S. 402,0
Olsen v. Nebraska ex rel. Western Reference & Bond Ass’n,1941,313 U.S. 236,Ribnik v. McBride,1928,277 U.S. 350,0
Toucey v. New York Life Insurance Co.,1941,314 U.S. 118,Supreme Tribe of Ben-Hur v. Cauble,1921,255 U.S. 356,0
"United States v. Chicago, Milwaukee, St. Paul & Pacific Railroad",1941,312 U.S. 592,United States v. Lynah,1903,188 U.S. 445,0
United States v. Darby,1941,312 U.S. 100,Hammer v. Dagenhart,1918,247 U.S. 251,0
Helvering v. Hallock,1940,309 U.S. 106,Becker v. St. Louis Union Trust Co.,1935,296 U.S. 48,0
Madden v. Kentucky,1940,309 U.S. 83,Colgate v. Harvey,1935,296 U.S. 404,0
Tigner v. Texas,1940,310 U.S. 141,Connolly v. Union Sewer Pipe Co.,1902,184 U.S. 540,0
Graves v. New York ex rel. O’Keefe,1939,306 U.S. 466,New York ex rel. Rogers v. Graves,1937,299 U.S. 401,0
Graves v. New York ex rel. O’Keefe,1939,306 U.S. 466,Collector v. Day,1871,78 U.S. 113,0
O’Malley v. Woodrough,1939,307 U.S. 277,Miles v. Graham,1925,268 U.S. 501,0
O’Malley v. Woodrough,1939,307 U.S. 277,Evans v. Gore,1920,253 U.S. 245,0
Rochester Telephone Corp. v. United States,1939,307 U.S. 125,Procter & Gamble Co. v. United States,1912,225 U.S. 282,0
Erie Railroad v. Tompkins,1938,304 U.S. 64,Swift v. Tyson,1842,41 U.S. 1,0
Helvering v. Mountain Producers Corp.,1938,303 U.S. 376,Burnet v. Coronado Oil & Gas Co.,1932,285 U.S. 393,0
Helvering v. Mountain Producers Corp.,1938,303 U.S. 376,Gillespie v. Oklahoma,1922,257 U.S. 501,0
West Coast Hotel Co. v. Parrish,1937,300 U.S. 379,Adkins v. Children’s Hosp. of D.C.,1923,261 U.S. 525,0
Funk v. United States,1933,290 U.S. 371,Jin Fuey Moy v. United States,1920,254 U.S. 189,0
Funk v. United States,1933,290 U.S. 371,Hendrix v. United States,1911,219 U.S. 79,0
Chicago & Eastern Illinois Railroad v. Industrial Commission,1932,284 U.S. 296,Erie Railroad v. Szary,1920,253 U.S. 86,0
Fox Film Corp. v. Doyal,1932,286 U.S. 123,Long v. Rockwood,1928,277 U.S. 142,0
East Ohio Gas Co. v. Tax Commission of Ohio,1931,283 U.S. 465,Pennsylvania Gas Co. v. Public Service Commission,1920,252 U.S. 23,0
Farmers Loan & Trust Co. v. Minnesota,1930,280 U.S. 204,Blackstone v. Miller,1903,188 U.S. 189,0
Gleason v. Seaboard Air Line Railway,1929,278 U.S. 349,Friedlander v. Texas & Pacific Railway,1889,130 U.S. 416,1
Alpha Portland Cement Co. v. Massachusetts,1925,268 U.S. 203,Baltic Mining Co. v. Massachusetts,1913,231 U.S. 68,0
Lee v. Chesapeake & Ohio Railway,1923,260 U.S. 653,In re Moore,1908,209 U.S. 490,0
Lee v. Chesapeake & Ohio Railway,1923,260 U.S. 653,Ex parte Wisner,1906,203 U.S. 449,0
Terral v. Burke Construction Co.,1922,257 U.S. 529,Security Mutual Life Insurance Co. v. Prewitt,1906,202 U.S. 246,0
Terral v. Burke Construction Co.,1922,257 U.S. 529,Doyle v. Cont’l Ins. Co.,1877,94 U.S. 535,0
Boston Store of Chicago v. American Graphophone Co.,1918,246 U.S. 8,Henry v. A.B. Dick Co.,1912,224 U.S. 1,0
Rosen v. United States,1918,245 U.S. 467,United States v. Reid,1851,53 U.S. 361,0
Motion Picture Patents Co. v. Universal Film Manufacturing Co.,1917,243 U.S. 502,Henry v. A.B. Dick Co.,1912,224 U.S. 1,0
Pennsylvania Railroad v. Towers,1917,245 U.S. 6,Lake Shore & Michigan Southern Railway v. Smith,1899,173 U.S. 684,1
United States v. Nice,1916,241 U.S. 591,In re Heff,1905,197 U.S. 488,0
Garland v. Washington,1914,232 U.S. 642,Crain v. United States,1896,162 U.S. 625,0
Minnesota Rate Cases,1913,230 U.S. 352,Peik v. Chicago & Northwestern Railway,1877,94 U.S. 164,0
Roberts v. Lewis,1894,153 U.S. 367,Giles v. Little,1881,104 U.S. 291,0
Brenham v. German American Bank,1892,144 U.S. 173,Mitchell v. Burlington,1867,71 U.S. 270,0
Brenham v. German American Bank,1892,144 U.S. 173,Rogers v. Burlington,1866,70 U.S. 654,0
Leisy v. Hardin,1890,135 U.S. 100,Peirce v. New Hampshire,1847,46 U.S. 504,0
Leloup v. Port of Mobile,1888,127 U.S. 640,Osborne v. Mobile,1873,83 U.S. 479,0
In re Ayers,1887,123 U.S. 443,Osborn v. Bank of the United States,1824,22 U.S. 738,0
Philadelphia & Southern Mail Steamship Co. v. Pennsylvania,1887,122 U.S. 326,State Tax on Railway Gross Receipts,1873,82 U.S. 284,0
Morgan v. United States,1885,113 U.S. 476,Texas v. White,1869,74 U.S. 700,0
Kountze v. Omaha Hotel Co.,1883,107 U.S. 378,Stafford v. Union Bank of Louisiana,1853,57 U.S. 135,0
United States v. Phelps,1883,107 U.S. 320,Shelton v. Collector,1867,72 U.S. 113,0
Kilbourn v. Thompson,1881,103 U.S. 168,Anderson v. Dunn,1821,19 U.S. 204,0
Tilghman v. Proctor,1880,102 U.S. 707,Mitchell v. Tilghman,1873,86 U.S. 287,0
Fairfield v. County of Gallatin,1879,100 U.S. 47,Town of Concord v. Portsmouth Savings Bank,1875,92 U.S. 625,0
County of Cass v. Johnston,1877,95 U.S. 360,Harshman v. Bates County,1875,92 U.S. 569,0
Hornbuckle v. Toombs,1874,85 U.S. 648,Dunphy v. Kleinsmith & Duer,1870,78 U.S. 610,0
Hornbuckle v. Toombs,1874,85 U.S. 648,Orchard v. Hughes,1864,68 U.S. 73,0
Hornbuckle v. Toombs,1874,85 U.S. 648,Noonan v. Lee,1863,67 U.S. 499,0
Union Pacific Railway v. McShane,1874,89 U.S. 444,Railway v. Prescott,1873,83 U.S. 603,1
Knox v. Lee,1871,79 U.S. 457,Hepburn v. Griswold,1870,75 U.S. 603,0
Trebilcock v. Wilson,1871,79 U.S. 687,Roosevelt v. Meyer,1863,68 U.S. 512,0
The Belfast,1869,74 U.S. 624,Allen v. Newberry,1858,62 U.S. 244,1
Mason v. Eldred,1868,73 U.S. 231,Sheehy v. Mandeville & Jamesson,1810,10 U.S. 253,0
Suydam v. Williamson,1861,65 U.S. 427,Williamson v. Ball,1850,49 U.S. 566,0
Gazzam v. Lessee of Phillips,1857,61 U.S. 372,Brown’s Lessee v. Clements,1845,44 U.S. 650,0
The Propeller Genesee Chief,1851,53 U.S. 443,The Steamboat Thomas Jefferson,1825,23 U.S. 428,0
"Louisville, Cincinnati & Charleston Railway v. Letson",1844,43 U.S. 497,Commercial & Railroad Bank of Vicksburg v. Slocomb,1840,39 U.S. 60,0
"Louisville, Cincinnati & Charleston Railway v. Letson",1844,43 U.S. 497,Bank of the United States v. Deveaux,1809,9 U.S. 61,0
"Louisville, Cincinnati & Charleston Railway v. Letson",1844,43 U.S. 497,Strawbridge v. Curtiss,1806,7 U.S. 267,0
Green v. Lessee of Neal,1832,31 U.S. 291,Powell’s Lessee v. Harman,1829,27 U.S. 241,0
Green v. Lessee of Neal,1832,31 U.S. 291,Patton’s Lessee v. Easton,1816,14 U.S. 476,0
Gordon v. Ogden,1830,28 U.S. 33,Wilson v. Daniel,1798,3 U.S. 401,0
Hudson v. Guestier,1810,10 U.S. 281,Rose v. Himely,1808,8 U.S. 241,0
